Mode,Time(s),Value
DCI,0.0773420036,2.540329E-04
DCI,0.2772960067,2.546433E-04
DCI,0.4773109853,2.557995E-04
DCI,0.6774119735,2.566273E-04
DCI,0.8773670197,2.568447E-04
DCI,1.0773979425,2.570666E-04
DCI,1.2774870396,2.568724E-04
DCI,1.4774800539,2.574921E-04
DCI,1.6775439978,2.564053E-04
DCI,1.8775479794,2.550411E-04
DCI,2.0775890350,2.547127E-04
DCI,2.2776360512,2.547728E-04
DCI,2.4776620865,2.547775E-04
DCI,2.6777141094,2.552075E-04
DCI,2.8777639866,2.566735E-04
DCI,3.0778520107,2.552584E-04
DCI,3.2778339386,2.550965E-04
DCI,3.4808421135,2.564007E-04
DCI,3.6808381081,2.565672E-04
DCI,3.8808019161,2.568955E-04
DCI,4.0809288025,2.578343E-04
DCI,4.2809138298,2.582875E-04
DCI,4.4808940887,2.574551E-04
DCI,4.6810169220,2.586483E-04
DCI,4.8809700012,2.595038E-04
DCI,5.0809898376,2.557764E-04
DCI,5.2810821533,2.523172E-04
DCI,5.4810390472,2.544399E-04
DCI,5.6810607910,2.558272E-04
DCI,5.8811831474,2.567198E-04
DCI,6.0811100006,2.573811E-04
DCI,6.2811331749,2.562758E-04
DCI,6.4812731743,2.556330E-04
DCI,6.6812109947,2.569233E-04
DCI,6.8812251091,2.584864E-04
DCI,7.0813570023,2.590321E-04
DCI,7.2813200951,2.559706E-04
DCI,7.4813451767,2.554203E-04
DCI,7.6813907623,2.559845E-04
DCI,7.8814129829,2.556793E-04
DCI,8.0814199448,2.531635E-04
DCI,8.2814731598,2.523819E-04
DCI,8.4814939499,2.529415E-04
DCI,8.6815347672,2.525808E-04
DCI,8.8815956116,2.562203E-04
DCI,9.0816450119,2.578158E-04
DCI,9.2816944122,2.582367E-04
DCI,9.4817867279,2.590645E-04
DCI,9.6817378998,2.595963E-04
DCI,9.8818264008,2.581950E-04
DCI,10.0819206238,2.547035E-04
DCI,10.2819051743,2.522015E-04
DCI,10.4819211960,2.564284E-04
DCI,10.6819992065,2.574597E-04
DCI,10.8820447922,2.594344E-04
DCI,11.0829591751,2.595639E-04
DCI,11.2829065323,2.577141E-04
DCI,11.4829254150,2.552307E-04
DCI,11.6830387115,2.550688E-04
DCI,11.8830099106,2.563036E-04
DCI,12.0830307007,2.550873E-04
DCI,12.2831182480,2.564747E-04
DCI,12.4830980301,2.584217E-04
DCI,12.6831436157,2.586575E-04
DCI,12.8832721710,2.558735E-04
DCI,13.0832271576,2.554619E-04
DCI,13.2832546234,2.560076E-04
DCI,13.4832916260,2.549162E-04
DCI,13.6833162308,2.549948E-04
DCI,13.8833465576,2.584586E-04
DCI,14.0834589005,2.581627E-04
DCI,14.2834444046,2.576447E-04
DCI,14.4834642410,2.576540E-04
DCI,14.6835279465,2.575245E-04
DCI,14.8835554123,2.583430E-04
DCI,15.0835876465,2.600541E-04
DCI,15.2836294174,2.566042E-04
DCI,15.4836454391,2.551983E-04
DCI,15.6836805344,2.548838E-04
DCI,15.8837785721,2.578574E-04
DCI,16.0838050842,2.565718E-04
DCI,16.2837963104,2.576355E-04
DCI,16.4839096069,2.586066E-04
DCI,16.6838626862,2.572100E-04
DCI,16.8838977814,2.560862E-04
DCI,17.0840034485,2.541947E-04
DCI,17.2839775085,2.544399E-04
DCI,17.4840240479,2.541393E-04
DCI,17.6841049194,2.569094E-04
DCI,17.8840808868,2.573719E-04
DCI,18.0857753754,2.569048E-04
DCI,18.2858104706,2.575060E-04
DCI,18.4857769012,2.582274E-04
DCI,18.6859169006,2.605675E-04
DCI,18.8858642578,2.610623E-04
DCI,19.0858764648,2.584170E-04
DCI,19.2860031128,2.589905E-04
DCI,19.4859485626,2.572146E-04
DCI,19.6859836578,2.567614E-04
DCI,19.8860912323,2.557347E-04
DCI,20.0860767365,2.569325E-04
DCI,20.2860889435,2.565209E-04
DCI,20.4862403870,2.551937E-04
DCI,20.6861915588,2.549208E-04
DCI,20.8862152100,2.520674E-04
DCI,21.0863285065,2.500788E-04
DCI,21.2863025665,2.512442E-04
DCI,21.4863414764,2.542271E-04
DCI,21.6863994598,2.552214E-04
DCI,21.8864288330,2.557440E-04
DCI,22.0864524841,2.568909E-04
DCI,22.2865066528,2.572794E-04
DCI,22.4865474701,2.558457E-04
DCI,22.6865768433,2.529369E-04
DCI,22.8866252899,2.540699E-04
DCI,23.0866680145,2.548006E-04
DCI,23.2888240814,2.546988E-04
DCI,23.4887542725,2.568493E-04
DCI,23.6887645721,2.577141E-04
DCI,23.8888072968,2.557810E-04
DCI,24.0888233185,2.556793E-04
DCI,24.2888584137,2.563683E-04
DCI,24.4889831543,2.552723E-04
DCI,24.6889839172,2.553185E-04
DCI,24.8889446259,2.546063E-04
DCI,25.0890178680,2.567568E-04
DCI,25.2890396118,2.572424E-04
DCI,25.4890289307,2.592818E-04
DCI,25.6890964508,2.583338E-04
DCI,25.8890686035,2.568585E-04
DCI,26.0890674591,2.582320E-04
DCI,26.2891845703,2.598368E-04
DCI,26.4891204834,2.576771E-04
DCI,26.6891288757,2.559660E-04
DCI,26.8892459869,2.548283E-04
DCI,27.0891952515,2.600865E-04
DCI,27.2892189026,2.613028E-04
DCI,27.4892559052,2.590182E-04
DCI,27.6892757416,2.573210E-04
DCI,27.8893184662,2.566319E-04
DCI,28.0893535614,2.540421E-04
DCI,28.2893676758,2.534779E-04
DCI,28.4894008636,2.552677E-04
DCI,28.6894397736,2.580563E-04
DCI,28.8894519806,2.561695E-04
DCI,29.0915355682,2.558781E-04
DCI,29.2914791107,2.552815E-04
DCI,29.4915199280,2.556746E-04
DCI,29.6916427612,2.581164E-04
DCI,29.8915843964,2.596102E-04
DCI,30.0916023254,2.176798E-03
DCI,30.2916431427,1.931015E-02
DCI,30.6048488617,8.804329E-03
DCI,31.4852180481,4.799102E-03
DCI,31.6852073669,3.476581E-03
DCI,31.8852081299,2.575108E-03
DCI,32.0856933594,1.963862E-03
DCI,32.2852783203,1.531440E-03
DCI,32.4853172302,1.229177E-03
DCI,32.6854515076,1.002350E-03
DCI,32.8853912354,8.474154E-04
DCI,33.0854263306,7.411839E-04
DCI,33.2855415344,6.602456E-04
DCI,33.4854888916,6.084037E-04
DCI,33.6854972839,5.568203E-04
DCI,33.8855934143,5.214098E-04
DCI,34.0855636597,4.970028E-04
DCI,34.2855911255,4.762144E-04
DCI,34.4856643677,4.619615E-04
DCI,34.6856956482,4.485580E-04
DCI,34.8857345581,4.388838E-04
DCI,35.0857543945,4.325328E-04
DCI,35.2857856750,4.218986E-04
DCI,35.4887924194,4.103412E-04
DCI,35.6887283325,4.087535E-04
DCI,35.8887634277,4.059841E-04
DCI,36.0889129639,4.008886E-04
DCI,36.2888374329,3.925437E-04
DCI,36.4888572693,3.891466E-04
DCI,36.6888923645,3.850480E-04
DCI,36.8889160156,3.850111E-04
DCI,37.0889472961,3.860819E-04
DCI,37.2889747620,3.814663E-04
DCI,37.4890213013,3.812817E-04
DCI,37.6890563965,3.838664E-04
DCI,37.8891677856,3.843095E-04
DCI,38.0891990662,3.831279E-04
DCI,38.2891502380,3.822787E-04
DCI,38.4892730713,3.755215E-04
DCI,38.6892395020,3.747461E-04
DCI,38.8892784119,3.741553E-04
DCI,39.0893821716,3.702413E-04
DCI,39.2893409729,3.683582E-04
DCI,39.4893722534,3.678412E-04
DCI,39.6894569397,3.682105E-04
DCI,39.8894577026,3.719029E-04
DCI,40.0894508362,3.721983E-04
DCI,40.2895278931,3.724568E-04
DCI,40.4895248413,3.733060E-04
DCI,40.6895370483,3.704259E-04
DCI,40.8896102905,3.676935E-04
DCI,41.0896301270,3.674351E-04
DCI,41.2931175232,3.688382E-04
DCI,41.4897117615,3.706106E-04
DCI,41.6897315979,3.724199E-04
DCI,41.8902473450,3.739707E-04
DCI,42.0901908875,3.713860E-04
DCI,42.2902297974,3.693182E-04
DCI,42.4903411865,3.687643E-04
DCI,42.6902694702,3.707583E-04
DCI,42.8903007507,3.758169E-04
DCI,43.0903930664,3.730845E-04
DCI,43.2903747559,3.688013E-04
DCI,43.4903984070,3.679520E-04
DCI,43.6904411316,3.679889E-04
DCI,43.8904647827,3.682105E-04
DCI,44.0905036926,3.689490E-04
DCI,44.2905235291,3.660319E-04
DCI,44.4906082153,3.681366E-04
DCI,44.6906242371,3.708321E-04
DCI,44.8907012939,3.691336E-04
DCI,45.0907363892,3.704629E-04
DCI,45.2906875610,3.707213E-04
DCI,45.4908218384,3.693921E-04
DCI,45.6907653809,3.675089E-04
DCI,45.8908195496,3.681366E-04
DCI,46.0908889771,3.719398E-04
DCI,46.2908515930,3.729737E-04
DCI,46.4908714294,3.758538E-04
DCI,46.6909599304,3.738599E-04
DCI,46.8909492493,3.700198E-04
DCI,47.0938949585,3.721614E-04
DCI,47.2938957214,3.716075E-04
DCI,47.4938392639,3.704629E-04
DCI,47.6939582825,3.715337E-04
DCI,47.8939285278,3.690597E-04
DCI,48.0939636230,3.726783E-04
DCI,48.2940711975,3.739707E-04
DCI,48.4940261841,3.741184E-04
DCI,48.6940727234,3.712014E-04
DCI,48.8941764832,3.706844E-04
DCI,49.0941314697,3.682474E-04
DCI,49.2941665649,3.657365E-04
DCI,49.4942588806,3.700567E-04
DCI,49.6945343018,3.735645E-04
DCI,49.8945312500,3.721983E-04
DCI,50.0946044922,3.713121E-04
DCI,50.2945747375,3.707213E-04
DCI,50.4945831299,3.721983E-04
DCI,50.6946258545,3.700567E-04
DCI,50.8946533203,3.672504E-04
DCI,51.0946502686,3.662904E-04
DCI,51.2947273254,3.704259E-04
DCI,51.4947357178,3.713121E-04
DCI,51.6947517395,3.710167E-04
DCI,51.8947792053,3.727522E-04
DCI,52.0948028564,3.710906E-04
DCI,52.2973213196,3.701675E-04
DCI,52.4972648621,3.712752E-04
DCI,52.6973037720,3.740076E-04
DCI,52.8973846436,3.713490E-04
DCI,53.0974006653,3.751523E-04
DCI,53.2974319458,3.754477E-04
DCI,53.4975814819,3.712383E-04
DCI,53.6975975037,3.676566E-04
DCI,53.8975868225,3.686905E-04
DCI,54.0976867676,3.692813E-04
DCI,54.2977294922,3.690228E-04
DCI,54.4976921082,3.691336E-04
DCI,54.6978187561,3.706106E-04
DCI,54.8977851868,3.724568E-04
DCI,55.0978126526,3.719398E-04
DCI,55.2979278564,3.703521E-04
DCI,55.4978866577,3.713121E-04
DCI,55.6979331970,3.701305E-04
DCI,55.8980255127,3.685059E-04
DCI,56.0979728699,3.711275E-04
DCI,56.2979927063,3.735645E-04
DCI,56.4980506897,3.733060E-04
DCI,56.6980705261,3.746353E-04
DCI,56.8981285095,3.736753E-04
DCI,57.0981559753,3.731583E-04
DCI,57.2981872559,3.743399E-04
DCI,57.5011253357,3.730106E-04
DCI,57.7010726929,3.726783E-04
DCI,57.9011497498,3.723829E-04
DCI,58.1012382507,3.685428E-04
DCI,58.3011894226,3.670658E-04
DCI,58.5012130737,3.694290E-04
DCI,58.7013206482,3.735645E-04
DCI,58.9012565613,3.745984E-04
DCI,59.1012611389,3.711275E-04
DCI,59.3013038635,3.696505E-04
DCI,59.5013427734,3.692074E-04
DCI,59.7013587952,3.706475E-04
DCI,59.9014129639,3.706844E-04
DCI,60.1017341614,3.700567E-04
DCI,60.3018035889,3.717921E-04
DCI,60.5019607544,3.720137E-04
DCI,60.7019844055,3.704629E-04
DCI,60.9019775391,3.672504E-04
DCI,61.1020965576,3.733430E-04
DCI,61.3019828796,3.728260E-04
DCI,61.5020370483,3.712383E-04
DCI,61.7021102905,3.689859E-04
DCI,61.9020805359,3.703890E-04
DCI,62.1020622253,3.686536E-04
DCI,62.3021469116,3.675828E-04
DCI,62.5021362305,3.712752E-04
DCI,62.7048797607,3.745984E-04
DCI,62.9048385620,3.740815E-04
DCI,63.1048393250,3.699828E-04
DCI,63.3049774170,3.692074E-04
DCI,63.5049438477,3.726783E-04
DCI,63.7049560547,3.726783E-04
DCI,63.9050636292,3.719398E-04
DCI,64.1050109863,3.738968E-04
DCI,64.3050384521,3.740815E-04
DCI,64.5051345825,3.706844E-04
DCI,64.7051010132,3.685797E-04
DCI,64.9051513672,3.743399E-04
DCI,65.1052551270,3.725676E-04
DCI,65.3052368164,3.654042E-04
DCI,65.5052490234,3.676197E-04
DCI,65.7052993774,3.736384E-04
DCI,65.9053344727,3.711644E-04
DCI,66.1053619385,3.718660E-04
DCI,66.3054122925,3.695028E-04
DCI,66.5054321289,3.659950E-04
DCI,66.7054672241,3.639642E-04
DCI,66.9055099487,3.672874E-04
DCI,67.1057357788,3.742292E-04
DCI,67.3055496216,3.769985E-04
DCI,67.5056381226,3.723460E-04
DCI,67.7056045532,3.689490E-04
DCI,67.9056549072,3.705736E-04
DCI,68.1057510376,3.716075E-04
DCI,68.3057098389,3.692813E-04
DCI,68.5085144043,3.696136E-04
DCI,68.7085418701,3.708690E-04
DCI,68.9085083008,3.727891E-04
DCI,69.1086044312,3.711644E-04
DCI,69.3086166382,3.709060E-04
DCI,69.5123748779,3.728999E-04
DCI,69.7124557495,3.763338E-04
DCI,69.9124298096,3.772200E-04
DCI,70.1124572754,3.777739E-04
DCI,70.3125534058,3.693921E-04
DCI,70.5159683228,3.652934E-04
DCI,70.7159576416,3.713860E-04
DCI,70.9160995483,3.732322E-04
DCI,71.1160125732,3.695028E-04
DCI,71.3160476685,3.692074E-04
DCI,71.5199203491,3.706475E-04
DCI,71.7198791504,3.703521E-04
DCI,71.9199295044,3.686166E-04
DCI,72.1200256348,3.745615E-04
DCI,72.3200149536,3.756323E-04
DCI,72.5238265991,3.662535E-04
DCI,72.7234115601,3.667335E-04
DCI,72.9234390259,3.715706E-04
DCI,73.1266937256,3.700567E-04
DCI,73.3235092163,3.701305E-04
DCI,73.5235366821,3.703152E-04
DCI,73.7245483398,3.671766E-04
DCI,73.9245147705,3.681366E-04
DCI,74.1245422363,3.690228E-04
DCI,74.3246536255,3.679889E-04
DCI,74.5245895386,3.699459E-04
DCI,74.7246322632,3.727153E-04
DCI,74.9246902466,3.740815E-04
DCI,75.1247024536,3.724568E-04
DCI,75.3247222900,3.696875E-04
DCI,75.5247573853,3.699459E-04
DCI,75.7248077393,3.711275E-04
DCI,75.9248733521,3.702044E-04
DCI,76.1249694824,3.682474E-04
DCI,76.3249893188,3.734168E-04
DCI,76.5249404907,3.734537E-04
DCI,76.7250747681,3.711644E-04
DCI,76.9250717163,3.690967E-04
DCI,77.1250457764,3.674720E-04
DCI,77.3251876831,3.650350E-04
DCI,77.5251464844,3.680997E-04
DCI,77.7251663208,3.720506E-04
DCI,77.9252624512,3.736014E-04
DCI,78.1252517700,3.722352E-04
DCI,78.3252868652,3.701675E-04
DCI,78.5253753662,3.721614E-04
DCI,78.7253494263,3.729737E-04
DCI,78.9253768921,3.722722E-04
DCI,79.1254806519,3.689490E-04
DCI,79.3254470825,3.712752E-04
DCI,79.5254898071,3.734537E-04
DCI,79.7255172729,3.685428E-04
DCI,79.9255371094,3.667335E-04
DCI,80.1288528442,3.705736E-04
DCI,80.3288116455,3.704259E-04
DCI,80.5288467407,3.717183E-04
DCI,80.7289886475,3.707583E-04
DCI,80.9289169312,3.736384E-04
DCI,81.1289291382,3.747830E-04
DCI,81.3290710449,3.726783E-04
DCI,81.5290069580,3.719029E-04
DCI,81.7290420532,3.685059E-04
DCI,81.9290847778,3.673243E-04
DCI,82.1291198730,3.715706E-04
DCI,82.3291244507,3.749676E-04
DCI,82.5291519165,3.714967E-04
DCI,82.7291870117,3.708321E-04
DCI,82.9291915894,3.685428E-04
DCI,83.1292953491,3.716075E-04
DCI,83.3293380737,3.725306E-04
DCI,83.5293045044,3.722722E-04
DCI,83.7294235229,3.716814E-04
DCI,83.9293975830,3.697244E-04
DCI,84.1294097900,3.647396E-04
DCI,84.3295059204,3.702044E-04
DCI,84.5294647217,3.748938E-04
DCI,84.7294769287,3.756323E-04
DCI,84.9295578003,3.727891E-04
DCI,85.1295089722,3.699828E-04
DCI,85.3295288086,3.724937E-04
DCI,85.5295944214,3.696875E-04
DCI,85.7296142578,3.710167E-04
DCI,85.9320983887,3.717183E-04
DCI,86.1319808960,3.679889E-04
DCI,86.3320465088,3.700567E-04
DCI,86.5322875977,3.730476E-04
DCI,86.7320938110,3.730106E-04
DCI,86.9321212769,3.724568E-04
DCI,87.1324310303,3.709798E-04
DCI,87.3323593140,3.713490E-04
DCI,87.5323791504,3.702044E-04
DCI,87.7324447632,3.727153E-04
DCI,87.9324340820,3.746353E-04
DCI,88.1324691772,3.716444E-04
DCI,88.3325424194,3.719768E-04
DCI,88.5325546265,3.730106E-04
DCI,88.7325668335,3.737122E-04
DCI,88.9326171875,3.724199E-04
DCI,89.1326370239,3.713860E-04
DCI,89.3326721191,3.700936E-04
DCI,89.5327911377,3.672504E-04
DCI,89.7328338623,3.703521E-04
DCI,89.9328308105,3.733430E-04
DCI,90.1329345703,4.039902E-04
DCI,90.3329849243,4.635862E-04
DCI,90.5329666138,4.864055E-04
DCI,90.7330780029,4.499242E-04
DCI,90.9331054688,4.072765E-04
DCI,91.1330566406,3.654781E-04
DCI,91.3331451416,3.366770E-04
DCI,91.5331192017,3.189533E-04
DCI,91.7331848145,3.111253E-04
DCI,91.9332504272,2.987557E-04
DCI,92.1332397461,2.848352E-04
DCI,92.3332748413,2.789273E-04
DCI,92.5333633423,2.733517E-04
DCI,92.7333068848,2.696592E-04
DCI,92.9333190918,2.678499E-04
DCI,93.1334304810,2.649329E-04
DCI,93.3334045410,2.646006E-04
DCI,93.5334320068,2.632713E-04
DCI,93.7334976196,2.617574E-04
DCI,93.9335327148,2.593943E-04
DCI,94.1335754395,2.558864E-04
DCI,94.3336334229,2.548156E-04
DCI,94.5336608887,2.572896E-04
DCI,94.7336883545,2.558126E-04
DCI,94.9337463379,2.562188E-04
DCI,95.1337585449,2.561080E-04
DCI,95.3360214233,2.571419E-04
DCI,95.5359649658,2.589142E-04
DCI,95.7359848022,2.583604E-04
DCI,95.9360961914,2.559972E-04
DCI,96.1360321045,2.572896E-04
DCI,96.3360824585,2.580281E-04
DCI,96.5361633301,2.580650E-04
DCI,96.7361679077,2.615728E-04
DCI,96.9361953735,2.622744E-04
DCI,97.1362380981,2.608343E-04
DCI,97.3362503052,2.583234E-04
DCI,97.5363006592,2.575111E-04
DCI,97.7364349365,2.561449E-04
DCI,97.9364471436,2.520463E-04
DCI,98.1364212036,2.549633E-04
DCI,98.3365554810,2.582865E-04
DCI,98.5365753174,2.593943E-04
DCI,98.7365493774,2.592835E-04
DCI,98.9366378784,2.585450E-04
DCI,99.1366271973,2.596897E-04
DCI,99.3366851807,2.609820E-04
DCI,99.5367813110,2.600220E-04
DCI,99.7367630005,2.586927E-04
DCI,99.9368133545,2.583234E-04
DCI,100.1369171143,2.571419E-04
DCI,100.3368606567,2.553695E-04
DCI,100.5368957520,2.537448E-04
DCI,100.7369232178,2.568465E-04
DCI,100.9369583130,2.586188E-04
DCI,101.1369934082,2.558495E-04
DCI,101.3370132446,2.561818E-04
DCI,101.5370330811,2.566619E-04
DCI,101.7388534546,2.557387E-04
DCI,101.9388351440,2.576588E-04
DCI,102.1388473511,2.592466E-04
DCI,102.3389739990,2.582865E-04
DCI,102.5389099121,2.568465E-04
DCI,102.7389526367,2.576957E-04
DCI,102.9390640259,2.572896E-04
DCI,103.1390304565,2.557757E-04
DCI,103.3390350342,2.569942E-04
DCI,103.5390548706,2.576957E-04
DCI,103.7390975952,2.592466E-04
DCI,103.9391250610,2.578804E-04
DCI,104.1391830444,2.548895E-04
DCI,104.3392028809,2.547049E-04
DCI,104.5392150879,2.548895E-04
DCI,104.7393417358,2.563295E-04
DCI,104.9393463135,2.569572E-04
DCI,105.1393127441,2.568465E-04
DCI,105.3394317627,2.581388E-04
DCI,105.5394363403,2.558864E-04
DCI,105.7394180298,2.524155E-04
DCI,105.9395294189,2.535233E-04
DCI,106.1395111084,2.551849E-04
DCI,106.3395538330,2.596158E-04
DCI,106.5396575928,2.608712E-04
DCI,106.7396087646,2.582127E-04
DCI,106.9397430420,2.590250E-04
DCI,107.1397857666,2.593573E-04
DCI,107.3397598267,2.578434E-04
DCI,107.5398025513,2.554064E-04
DCI,107.7399139404,2.576957E-04
DCI,107.9403228760,2.581388E-04
DCI,108.1398773193,2.574003E-04
DCI,108.3399810791,2.583973E-04
DCI,108.5399780273,2.595050E-04
DCI,108.7399826050,2.578804E-04
DCI,108.9400253296,2.553695E-04
DCI,109.1400451660,2.548526E-04
DCI,109.3428802490,2.556649E-04
DCI,109.5428390503,2.569942E-04
DCI,109.7428741455,2.587665E-04
DCI,109.9429702759,2.594312E-04
DCI,110.1429443359,2.583604E-04
DCI,110.3429489136,2.576588E-04
DCI,110.5430297852,2.564772E-04
DCI,110.7430572510,2.557387E-04
DCI,110.9430694580,2.561818E-04
DCI,111.1431350708,2.569203E-04
DCI,111.3431472778,2.559234E-04
DCI,111.5431823730,2.565880E-04
DCI,111.7433166504,2.565142E-04
DCI,111.9434356689,2.543725E-04
DCI,112.1433105469,2.547418E-04
DCI,112.3434219360,2.567726E-04
DCI,112.5434494019,2.571788E-04
DCI,112.7434005737,2.576957E-04
DCI,112.9435195923,2.569572E-04
DCI,113.1434783936,2.579173E-04
DCI,113.3435211182,2.581388E-04
DCI,113.5436019897,2.585450E-04
DCI,113.7435760498,2.590619E-04
DCI,113.9436111450,2.584342E-04
DCI,114.1436843872,2.576588E-04
DCI,114.3436508179,2.551480E-04
DCI,114.5436706543,2.582865E-04
DCI,114.7437362671,2.587296E-04
DCI,114.9437713623,2.569572E-04
DCI,115.1437759399,2.581388E-04
DCI,115.3438110352,2.581758E-04
DCI,115.5438232422,2.558864E-04
DCI,115.7438430786,2.509386E-04
DCI,115.9439010620,2.526371E-04
DCI,116.1439208984,2.559603E-04
DCI,116.3439636230,2.567357E-04
DCI,116.5440063477,2.595420E-04
DCI,116.7440185547,2.589142E-04
DCI,116.9440460205,2.575480E-04
DCI,117.1440963745,2.560711E-04
DCI,117.3441467285,2.554064E-04
DCI,117.5441589355,2.545941E-04
DCI,117.7442092896,2.541879E-04
DCI,117.9442596436,2.560341E-04
DCI,118.1442947388,2.567357E-04
DCI,118.3443679810,2.565142E-04
DCI,118.5443572998,2.566988E-04
DCI,118.7443771362,2.551110E-04
DCI,118.9444503784,2.571419E-04
DCI,119.1444396973,2.591358E-04
DCI,119.3444595337,2.593573E-04
DCI,119.5445632935,2.589142E-04
DCI,119.7445449829,2.595050E-04
DCI,119.9445953369,2.606866E-04
DCI,120.1446685791,2.566619E-04
DCI,120.3446350098,2.563295E-04
DCI,120.5454864502,2.564034E-04
DCI,120.7455139160,2.550741E-04
DCI,120.9454803467,2.550003E-04
DCI,121.1455917358,2.540033E-04
DCI,121.3455429077,2.525632E-04
DCI,121.5455932617,2.504216E-04
DCI,121.7457046509,2.541879E-04
DCI,121.9456939697,2.563665E-04
DCI,122.1457138062,2.569572E-04
DCI,122.3458404541,2.583973E-04
DCI,122.5458068848,2.598743E-04
DCI,122.7458496094,2.598743E-04
DCI,122.9459609985,2.578434E-04
DCI,123.1458969116,2.556649E-04
DCI,123.3459014893,2.576219E-04
DCI,123.5460128784,2.613143E-04
DCI,123.7460021973,2.627913E-04
DCI,123.9460144043,2.616836E-04
DCI,124.1460494995,2.600220E-04
DCI,124.3460540771,2.582127E-04
DCI,124.5460815430,2.578804E-04
DCI,124.7461090088,2.554803E-04
DCI,124.9461593628,2.536341E-04
DCI,125.1461944580,2.560341E-04
DCI,125.3462371826,2.578434E-04
DCI,125.5462570190,2.587665E-04
DCI,125.7462844849,2.586927E-04
DCI,125.9463806152,2.565880E-04
DCI,126.1463851929,2.561449E-04
DCI,126.3480911255,2.556280E-04
DCI,126.5480804443,2.558495E-04
DCI,126.7480545044,2.552218E-04
DCI,126.9481811523,2.586188E-04
DCI,127.1481933594,2.591358E-04
DCI,127.3481903076,2.569942E-04
DCI,127.5482864380,2.583604E-04
DCI,127.7482986450,2.570311E-04
DCI,127.9482803345,2.581019E-04
DCI,128.1483459473,2.574373E-04
DCI,128.3483428955,2.557757E-04
DCI,128.5483703613,2.559603E-04
DCI,128.7484741211,2.574373E-04
DCI,128.9484252930,2.578804E-04
DCI,129.1485137939,2.571788E-04
DCI,129.3486175537,2.558864E-04
DCI,129.5485687256,2.566988E-04
DCI,129.7485961914,2.563295E-04
DCI,129.9486389160,2.578434E-04
DCI,130.1486968994,2.590989E-04
DCI,130.3486938477,2.559603E-04
DCI,130.5487518311,2.540771E-04
DCI,130.7487792969,2.553326E-04
DCI,130.9488220215,2.545941E-04
DCI,131.1489105225,2.531540E-04
DCI,131.3489074707,2.556649E-04
DCI,131.5521545410,2.574742E-04
DCI,131.7520446777,2.597266E-04
DCI,131.9520568848,2.595050E-04
DCI,132.1522216797,2.561449E-04
DCI,132.3521270752,2.554433E-04
DCI,132.5521697998,2.566249E-04
DCI,132.7526092529,2.572157E-04
DCI,132.9524230957,2.580281E-04
DCI,133.1524200439,2.566988E-04
DCI,133.3525238037,2.565511E-04
DCI,133.5525360107,2.568095E-04
DCI,133.7525024414,2.565880E-04
DCI,133.9525909424,2.565142E-04
DCI,134.1525268555,2.565511E-04
DCI,134.3525543213,2.594312E-04
DCI,134.5526428223,2.610189E-04
DCI,134.7526092529,2.627913E-04
DCI,134.9526519775,2.602435E-04
DCI,135.1527709961,2.568095E-04
DCI,135.3527374268,2.561818E-04
DCI,135.5527496338,2.568095E-04
DCI,135.7528228760,2.542987E-04
DCI,135.9528656006,2.538556E-04
DCI,136.1528625488,2.552587E-04
DCI,136.3529052734,2.562557E-04
DCI,136.5529632568,2.560711E-04
DCI,136.7529754639,2.558864E-04
DCI,136.9530334473,2.560341E-04
DCI,137.1530914307,2.548526E-04
DCI,137.3530883789,2.545941E-04
DCI,137.5531158447,2.558864E-04
DCI,137.7531738281,2.600958E-04
DCI,137.9532165527,2.616466E-04
DCI,138.1532440186,2.604281E-04
DCI,138.3533020020,2.583973E-04
DCI,138.5533294678,2.578065E-04
DCI,138.7534942627,2.559972E-04
DCI,138.9535369873,2.551110E-04
DCI,139.1535644531,2.548895E-04
DCI,139.3536682129,2.538925E-04
DCI,139.5536499023,2.573265E-04
DCI,139.7545471191,2.591727E-04
DCI,139.9545440674,2.552956E-04
DCI,140.1545257568,2.536710E-04
DCI,140.3545227051,2.542987E-04
DCI,140.5546417236,2.549633E-04
DCI,140.7546234131,2.559603E-04
DCI,140.9573822021,2.557018E-04
DCI,141.1573791504,2.569942E-04
DCI,141.3573455811,2.563295E-04
DCI,141.5574645996,2.546310E-04
DCI,141.7574920654,2.545572E-04
DCI,141.9574737549,2.562557E-04
DCI,142.1575927734,2.573634E-04
DCI,142.3575134277,2.575480E-04
DCI,142.5575714111,2.576957E-04
DCI,142.7576904297,2.557757E-04
DCI,142.9576416016,2.554064E-04
DCI,143.1576843262,2.557387E-04
DCI,143.3577880859,2.564034E-04
DCI,143.5577545166,2.575111E-04
DCI,143.7577667236,2.585081E-04
DCI,143.9578857422,2.585081E-04
DCI,144.1578369141,2.588773E-04
DCI,144.3578491211,2.598374E-04
DCI,144.5579223633,2.586188E-04
DCI,144.7579345703,2.572526E-04
DCI,144.9579467773,2.566619E-04
DCI,145.1579895020,2.558864E-04
DCI,145.3580322266,2.549264E-04
DCI,145.5580749512,2.549633E-04
DCI,145.7581176758,2.570680E-04
DCI,145.9582672119,2.598004E-04
DCI,146.1610412598,2.599481E-04
DCI,146.3609924316,2.572896E-04
DCI,146.5610046387,2.582127E-04
DCI,146.7611236572,2.585450E-04
DCI,146.9611206055,2.627913E-04
DCI,147.1611175537,2.643421E-04
DCI,147.3611755371,2.607605E-04
DCI,147.5614166260,2.588404E-04
DCI,147.7614898682,2.591727E-04
DCI,147.9615936279,2.593204E-04
DCI,148.1616210938,2.594681E-04
DCI,148.3646087646,2.590250E-04
DCI,148.5642700195,2.588035E-04
DCI,148.7642974854,2.601327E-04
DCI,148.9642944336,2.606497E-04
DCI,149.1643829346,2.559603E-04
DCI,149.3643493652,2.545941E-04
DCI,149.5643463135,2.544833E-04
DCI,149.7644500732,2.563665E-04
DCI,149.9644317627,3.076175E-04
DCI,150.1644592285,6.098915E-03
DCI,150.3645629883,2.674966E-02
DCI,150.5645294189,3.066369E-02
DCI,150.7673187256,2.138407E-02
DCI,150.9673156738,1.417203E-02
DCI,151.1672668457,9.568480E-03
DCI,151.3673858643,6.622983E-03
DCI,151.5673370361,4.685116E-03
DCI,151.7673950195,3.418757E-03
DCI,151.9675140381,2.544313E-03
DCI,152.1674499512,1.933953E-03
DCI,152.3675079346,1.508695E-03
DCI,152.5676116943,1.205213E-03
DCI,152.7675781250,9.964792E-04
DCI,152.9676361084,8.340857E-04
DCI,153.1677398682,7.289619E-04
DCI,153.3676757812,6.586209E-04
DCI,153.5677032471,6.048959E-04
DCI,153.7677459717,5.636144E-04
DCI,153.9677734375,5.301609E-04
DCI,154.1678009033,5.014706E-04
DCI,154.3678741455,4.727804E-04
DCI,154.5679016113,4.570137E-04
DCI,154.7679290771,4.487057E-04
DCI,154.9679870605,4.356714E-04
DCI,155.1680145264,4.298373E-04
DCI,155.3680419922,4.189446E-04
DCI,155.5680999756,4.123351E-04
DCI,155.7683258057,4.091966E-04
DCI,155.9713745117,4.019225E-04
DCI,156.1713104248,3.974177E-04
DCI,156.3713684082,3.902913E-04
DCI,156.5715026855,3.928021E-04
DCI,156.7714996338,3.927652E-04
DCI,156.9714660645,3.895159E-04
DCI,157.1715698242,3.836449E-04
DCI,157.3715667725,3.781062E-04
DCI,157.5715179443,3.801371E-04
DCI,157.7716522217,3.847157E-04
DCI,157.9716796875,3.829433E-04
DCI,158.1716461182,3.796940E-04
DCI,158.3717803955,3.750046E-04
DCI,158.5717315674,3.696136E-04
DCI,158.7717437744,3.645919E-04
DCI,158.9719085693,3.679520E-04
DCI,159.1718139648,3.676566E-04
DCI,159.3718872070,3.707583E-04
DCI,159.5720214844,3.683212E-04
DCI,159.7719573975,3.679151E-04
DCI,159.9720306396,3.731214E-04
DCI,160.1721191406,3.727153E-04
DCI,160.3720703125,3.740076E-04
DCI,160.5720672607,3.697982E-04
DCI,160.7721557617,3.657735E-04
DCI,160.9722595215,3.693921E-04
DCI,161.1722412109,3.747461E-04
DCI,161.3723449707,3.763708E-04
DCI,161.5723571777,3.768877E-04
DCI,161.7723693848,3.731953E-04
DCI,161.9724731445,3.681736E-04
DCI,162.1724395752,3.651088E-04
DCI,162.3724670410,3.694659E-04
DCI,162.5725250244,3.704259E-04
DCI,162.7725372314,3.709429E-04
DCI,162.9725799561,3.702782E-04
DCI,163.1726379395,3.697613E-04
DCI,163.3726348877,3.731583E-04
DCI,163.5726928711,3.703521E-04
DCI,163.7727355957,3.693182E-04
DCI,163.9727630615,3.710906E-04
DCI,164.1727752686,3.708690E-04
DCI,164.3728179932,3.699828E-04
DCI,164.5728607178,3.700567E-04
DCI,164.7728424072,3.707583E-04
DCI,164.9729614258,3.721614E-04
DCI,165.1729278564,3.767769E-04
DCI,165.3741302490,3.733430E-04
DCI,165.5741271973,3.683582E-04
DCI,165.7741088867,3.679520E-04
DCI,165.9742431641,3.683212E-04
DCI,166.1742248535,3.720137E-04
DCI,166.3742065430,3.763708E-04
DCI,166.5743103027,3.765923E-04
DCI,166.7743377686,3.752261E-04
DCI,166.9742889404,3.738230E-04
DCI,167.1744232178,3.735276E-04
DCI,167.3744049072,3.669181E-04
DCI,167.5744476318,3.669181E-04
DCI,167.7745513916,3.745984E-04
DCI,167.9745178223,3.747092E-04
DCI,168.1745605469,3.677305E-04
DCI,168.3746337891,3.658473E-04
DCI,168.5746307373,3.678782E-04
DCI,168.7746429443,3.693182E-04
DCI,168.9746856689,3.687643E-04
DCI,169.1747131348,3.681366E-04
DCI,169.3747406006,3.719029E-04
DCI,169.5748138428,3.738599E-04
DCI,169.7748107910,3.716444E-04
DCI,169.9748382568,3.727522E-04
DCI,170.1748809814,3.712014E-04
DCI,170.3748931885,3.683212E-04
DCI,170.5774230957,3.726414E-04
DCI,170.7773590088,3.734168E-04
DCI,170.9773712158,3.717552E-04
DCI,171.1774291992,3.732322E-04
DCI,171.3777313232,3.707213E-04
DCI,171.5774688721,3.675828E-04
DCI,171.7775573730,3.705736E-04
DCI,171.9775848389,3.724199E-04
DCI,172.1775512695,3.731214E-04
DCI,172.3776855469,3.756323E-04
DCI,172.5823211670,3.717183E-04
DCI,172.7776489258,3.700936E-04
DCI,172.9777832031,3.700198E-04
DCI,173.1777801514,3.714598E-04
DCI,173.3777618408,3.707583E-04
DCI,173.5778198242,3.697982E-04
DCI,173.7824554443,3.713860E-04
DCI,173.9824066162,3.709429E-04
DCI,174.1824951172,3.670658E-04
DCI,174.3824615479,3.698721E-04
DCI,174.5824890137,3.741922E-04
DCI,174.7825775146,3.751892E-04
DCI,174.9825439453,3.744138E-04
DCI,175.1825408936,3.730106E-04
DCI,175.3826751709,3.723460E-04
DCI,175.5826263428,3.697244E-04
DCI,175.7826385498,3.662904E-04
DCI,175.9826965332,3.674351E-04
DCI,176.1827392578,3.745984E-04
DCI,176.3856658936,3.716814E-04
DCI,176.5856170654,3.703152E-04
DCI,176.7856597900,3.744138E-04
DCI,176.9857788086,3.712014E-04
DCI,177.1857147217,3.671397E-04
DCI,177.3857269287,3.688751E-04
DCI,177.5858612061,3.720506E-04
DCI,177.7858276367,3.743399E-04
DCI,177.9858703613,3.739338E-04
DCI,178.1859130859,3.717183E-04
DCI,178.3859710693,3.726414E-04
DCI,178.5860137939,3.716075E-04
DCI,178.7860412598,3.715706E-04
DCI,178.9860687256,3.714598E-04
DCI,179.1860961914,3.720506E-04
DCI,179.3864440918,3.710537E-04
DCI,179.5862426758,3.688013E-04
DCI,179.7862091064,3.683212E-04
DCI,179.9863128662,3.666597E-04
DCI,180.1862945557,3.697982E-04
DCI,180.3863067627,3.721245E-04
DCI,180.5863952637,3.740445E-04
DCI,180.7863616943,3.750784E-04
DCI,180.9864044189,3.713121E-04
DCI,181.1864776611,3.723829E-04
DCI,181.3864593506,3.702782E-04
DCI,181.5865020752,3.693551E-04
DCI,181.7865753174,3.679520E-04
DCI,181.9865722656,3.686166E-04
DCI,182.1877136230,3.723091E-04
DCI,182.3877258301,3.723460E-04
DCI,182.5876922607,3.741184E-04
DCI,182.7878112793,3.721245E-04
DCI,182.9877624512,3.732691E-04
DCI,183.1877746582,3.715337E-04
DCI,183.3879089355,3.683212E-04
DCI,183.5878448486,3.701305E-04
DCI,183.7878723145,3.698721E-04
DCI,183.9880371094,3.679889E-04
DCI,184.1879882812,3.688751E-04
DCI,184.3880157471,3.699090E-04
DCI,184.5881195068,3.683951E-04
DCI,184.7881011963,3.663273E-04
DCI,184.9880981445,3.695398E-04
DCI,185.1881256104,3.713121E-04
DCI,185.3881530762,3.726783E-04
DCI,185.5881805420,3.680997E-04
DCI,185.7882385254,3.667704E-04
DCI,185.9882507324,3.720137E-04
DCI,186.1882934570,3.720137E-04
DCI,186.3883209229,3.753369E-04
DCI,186.5883178711,3.723829E-04
DCI,186.7885437012,3.694659E-04
DCI,186.9884490967,3.728999E-04
DCI,187.1884307861,3.716814E-04
DCI,187.3914184570,3.717183E-04
DCI,187.5914306641,3.708690E-04
DCI,187.7913818359,3.743030E-04
DCI,187.9914855957,3.733060E-04
DCI,188.1914825439,3.710537E-04
DCI,188.3914489746,3.741184E-04
DCI,188.5915679932,3.693921E-04
DCI,188.7915802002,3.664750E-04
DCI,188.9915313721,3.726414E-04
DCI,189.1916809082,3.755954E-04
DCI,189.3916320801,3.733799E-04
DCI,189.5916442871,3.726783E-04
DCI,189.7917785645,3.691336E-04
DCI,189.9919128418,3.672135E-04
DCI,190.1919403076,3.671027E-04
DCI,190.3920288086,3.680997E-04
DCI,190.5920104980,3.696505E-04
DCI,190.7920074463,3.715706E-04
DCI,190.9923248291,3.733060E-04
DCI,191.1920928955,3.700567E-04
DCI,191.3921508789,3.689490E-04
DCI,191.5922851562,3.717921E-04
DCI,191.7922515869,3.720137E-04
DCI,191.9923095703,3.703890E-04
DCI,192.1923675537,3.689120E-04
DCI,192.3923797607,3.687274E-04
DCI,192.5924224854,3.707213E-04
DCI,192.7924804688,3.693551E-04
DCI,192.9924926758,3.673981E-04
DCI,193.1925506592,3.676935E-04
DCI,193.3926086426,3.697982E-04
DCI,193.5926513672,3.735645E-04
DCI,193.7926788330,3.754107E-04
DCI,193.9927062988,3.760384E-04
DCI,194.1927642822,3.734537E-04
DCI,194.3928070068,3.713121E-04
DCI,194.5928344727,3.676566E-04
DCI,194.7928466797,3.682843E-04
DCI,195.0026092529,3.735645E-04
DCI,195.2025756836,3.692074E-04
DCI,195.4025878906,3.653673E-04
DCI,195.6026611328,3.696505E-04
DCI,195.8026733398,3.713490E-04
DCI,196.0027008057,3.712752E-04
DCI,196.2027435303,3.724937E-04
DCI,196.4027862549,3.761492E-04
DCI,196.6027984619,3.786601E-04
DCI,196.8029022217,3.777739E-04
DCI,197.0029449463,3.729737E-04
DCI,197.2028961182,3.691705E-04
DCI,197.4029693604,3.686166E-04
DCI,197.6030120850,3.700567E-04
DCI,197.8030242920,3.729368E-04
DCI,198.0031127930,3.692813E-04
DCI,198.2031097412,3.698721E-04
DCI,198.4031219482,3.714967E-04
DCI,198.6031951904,3.685797E-04
DCI,198.8031616211,3.696505E-04
DCI,199.0032043457,3.715337E-04
DCI,199.2032928467,3.699459E-04
DCI,199.4032745361,3.727153E-04
DCI,199.6033020020,3.715337E-04
DCI,199.8033752441,3.646657E-04
DCI,200.0033569336,3.649611E-04
DCI,200.2033843994,3.702044E-04
DCI,200.4034271240,3.690597E-04
DCI,200.6034545898,3.695028E-04
DCI,200.8034667969,3.735276E-04
DCI,201.0035247803,3.734537E-04
DCI,201.2035217285,3.684689E-04
DCI,201.4050750732,3.671766E-04
DCI,201.6049957275,3.717552E-04
DCI,201.8050384521,3.724199E-04
DCI,202.0051574707,3.720506E-04
DCI,202.2051239014,3.749676E-04
DCI,202.4051513672,3.673612E-04
DCI,202.6051788330,3.681366E-04
DCI,202.8052215576,3.707952E-04
DCI,203.0052337646,3.690967E-04
DCI,203.2065887451,3.713121E-04
DCI,203.4065246582,3.709429E-04
DCI,203.6065368652,3.715706E-04
DCI,203.8068084717,3.694290E-04
DCI,204.0069427490,3.689859E-04
DCI,204.2068939209,3.697613E-04
DCI,204.4069976807,3.724199E-04
DCI,204.6070098877,3.731953E-04
DCI,204.8069915771,3.726045E-04
DCI,205.0071105957,3.696136E-04
DCI,205.2071228027,3.667335E-04
DCI,205.4071044922,3.713860E-04
DCI,205.6071929932,3.723829E-04
DCI,205.8071289062,3.727153E-04
DCI,206.0071868896,3.722722E-04
DCI,206.2072601318,3.708690E-04
DCI,206.4072418213,3.724937E-04
DCI,206.6072692871,3.743030E-04
DCI,206.8073425293,3.777000E-04
DCI,207.0073394775,3.752630E-04
DCI,207.2073364258,3.706475E-04
DCI,207.4074249268,3.693182E-04
DCI,207.6074066162,3.720875E-04
DCI,207.8074188232,3.701675E-04
DCI,208.0075073242,3.702413E-04
DCI,208.2075042725,3.690228E-04
DCI,208.4100646973,3.680628E-04
DCI,208.6099548340,3.689120E-04
DCI,208.8099975586,3.719029E-04
DCI,209.0101013184,3.737491E-04
DCI,209.2100372314,3.732691E-04
DCI,209.4100646973,3.735645E-04
DCI,209.6101989746,3.704998E-04
DCI,209.8101501465,3.678782E-04
DCI,210.0101776123,3.751892E-04
DCI,210.2102203369,4.024763E-04
DCI,210.4102172852,4.629216E-04
DCI,210.6102752686,4.817530E-04
DCI,210.8102874756,4.466379E-04
DCI,211.0106353760,4.007778E-04
DCI,211.2104034424,3.669550E-04
DCI,211.4104919434,3.405541E-04
DCI,211.6105194092,3.212426E-04
DCI,211.8104705811,3.048482E-04
DCI,212.0105895996,2.928478E-04
DCI,212.2105865479,2.837274E-04
DCI,212.4105987549,2.803304E-04
DCI,212.6107025146,2.764533E-04
DCI,212.8106689453,2.708777E-04
DCI,213.0106964111,2.684038E-04
DCI,213.2108001709,2.670007E-04
DCI,213.4107818604,2.660406E-04
DCI,213.6107788086,2.626805E-04
DCI,213.8108978271,2.610928E-04
DCI,214.0108795166,2.571419E-04
DCI,214.2109527588,2.570311E-04
DCI,214.4109802246,2.595420E-04
DCI,214.6109924316,2.613513E-04
DCI,214.8126983643,2.616097E-04
DCI,215.0126647949,2.589142E-04
DCI,215.2127075195,2.581019E-04
DCI,215.4127807617,2.592096E-04
DCI,215.6127319336,2.601327E-04
DCI,215.8127593994,2.591727E-04
DCI,216.0128784180,2.598743E-04
DCI,216.2164459229,2.566988E-04
DCI,216.4164276123,2.559972E-04
DCI,216.6165313721,2.548156E-04
DCI,216.8164978027,2.539664E-04
DCI,217.0165405273,2.559603E-04
DCI,217.2205810547,2.552218E-04
DCI,217.4205932617,2.554433E-04
DCI,217.6206207275,2.577327E-04
DCI,217.8206634521,2.588773E-04
DCI,218.0206756592,2.567357E-04
DCI,218.2207031250,2.565880E-04
DCI,218.4207458496,2.563665E-04
DCI,218.6208038330,2.565880E-04
DCI,218.8208312988,2.586927E-04
DCI,219.0208435059,2.575850E-04
DCI,219.2210693359,2.577696E-04
DCI,219.4209136963,2.575480E-04
DCI,219.6210174561,2.564403E-04
DCI,219.8210144043,2.555172E-04
DCI,220.0236206055,2.565511E-04
DCI,220.2236175537,2.578804E-04
DCI,220.4235839844,2.597635E-04
DCI,220.6236724854,2.569942E-04
DCI,220.8236999512,2.574742E-04
DCI,221.0236816406,2.554433E-04
DCI,221.2237854004,2.566249E-04
DCI,221.4238128662,2.570680E-04
DCI,221.6237945557,2.587296E-04
DCI,221.8238677979,2.600958E-04
DCI,222.0239105225,2.585081E-04
DCI,222.2238769531,2.580650E-04
DCI,222.4239807129,2.576957E-04
DCI,222.6239624023,2.576219E-04
DCI,222.8240051270,2.572526E-04
DCI,223.0240936279,2.557018E-04
DCI,223.2240600586,2.569572E-04
DCI,223.4240875244,2.568095E-04
DCI,223.6241607666,2.557757E-04
DCI,223.8241577148,2.571049E-04
DCI,224.0241699219,2.582127E-04
DCI,224.2242126465,2.607974E-04
DCI,224.4242401123,2.606866E-04
DCI,224.6242523193,2.578434E-04
DCI,224.8242950439,2.582127E-04
DCI,225.0243225098,2.577327E-04
DCI,225.2243194580,2.574742E-04
DCI,225.4243469238,2.589512E-04
DCI,225.6243896484,2.588773E-04
DCI,225.8274841309,2.572157E-04
DCI,226.0274353027,2.564403E-04
DCI,226.2274627686,2.561449E-04
DCI,226.4275054932,2.537448E-04
DCI,226.6275177002,2.534125E-04
DCI,226.8275451660,2.540033E-04
DCI,227.0276641846,2.558864E-04
DCI,227.2276763916,2.575850E-04
DCI,227.4276275635,2.569572E-04
DCI,227.6277313232,2.558495E-04
DCI,227.8277740479,2.571419E-04
DCI,228.0277557373,2.569942E-04
DCI,228.2278442383,2.573634E-04
DCI,228.4278411865,2.611666E-04
DCI,228.6278533936,2.620159E-04
DCI,228.8279876709,2.613513E-04
DCI,229.0279541016,2.590250E-04
DCI,229.2279510498,2.581019E-04
DCI,229.4280548096,2.589881E-04
DCI,229.6279907227,2.588773E-04
DCI,229.8280181885,2.563295E-04
DCI,230.0335083008,2.553695E-04
DCI,230.2500762939,2.543725E-04
DCI,230.4502105713,2.558495E-04
DCI,230.6501922607,2.566249E-04
DCI,230.8501434326,2.557757E-04
DCI,231.0502471924,2.565511E-04
DCI,231.2502136230,2.593573E-04
DCI,231.4502410889,2.633082E-04
DCI,231.6503143311,2.642314E-04
DCI,231.8502655029,2.619790E-04
DCI,232.0503387451,2.599850E-04
DCI,232.2504119873,2.600589E-04
DCI,232.4503784180,2.563665E-04
DCI,232.6503906250,2.557018E-04
DCI,232.8504943848,2.579542E-04
DCI,233.0504608154,2.600958E-04
DCI,233.2505187988,2.570311E-04
DCI,233.4506072998,2.566249E-04
DCI,233.6505889893,2.555910E-04
DCI,233.8506164551,2.551849E-04
DCI,234.0507354736,2.565880E-04
DCI,234.2506713867,2.568465E-04
DCI,234.4506988525,2.572896E-04
DCI,234.6507415771,2.584342E-04
DCI,234.8507843018,2.598743E-04
DCI,235.0507812500,2.587296E-04
DCI,235.2508392334,2.586558E-04
DCI,235.4508666992,2.586558E-04
DCI,235.6526947021,2.576588E-04
DCI,235.8526763916,2.576219E-04
DCI,236.0527038574,2.557387E-04
DCI,236.2528228760,2.550372E-04
DCI,236.4527740479,2.554064E-04
DCI,236.6528015137,2.555910E-04
DCI,236.8529510498,2.563295E-04
DCI,237.0528869629,2.564772E-04
DCI,237.2529144287,2.562926E-04
DCI,237.4529571533,2.565880E-04
DCI,237.6529693604,2.585819E-04
DCI,237.8530120850,2.600220E-04
DCI,238.0530395508,2.589512E-04
DCI,238.2530517578,2.590989E-04
DCI,238.4530944824,2.576957E-04
DCI,238.6531982422,2.583234E-04
DCI,238.8532409668,2.577327E-04
DCI,239.0532531738,2.545572E-04
DCI,239.2533264160,2.548526E-04
DCI,239.4533233643,2.574003E-04
DCI,239.6533508301,2.582127E-04
DCI,239.8534545898,2.593943E-04
DCI,240.0534210205,2.594681E-04
DCI,240.2534179688,2.579542E-04
DCI,240.4535522461,2.578065E-04
DCI,240.6535339355,2.568834E-04
DCI,240.8562622070,2.574003E-04
DCI,241.0562744141,2.574373E-04
DCI,241.2562408447,2.569942E-04
DCI,241.4563751221,2.559972E-04
DCI,241.6563720703,2.542618E-04
DCI,241.8563690186,2.542618E-04
DCI,242.0564422607,2.581019E-04
DCI,242.2564392090,2.591727E-04
DCI,242.4564819336,2.567357E-04
DCI,242.6565856934,2.586927E-04
DCI,242.8565368652,2.609451E-04
DCI,243.0565643311,2.588404E-04
DCI,243.2566375732,2.569572E-04
DCI,243.4566192627,2.551480E-04
DCI,243.6566619873,2.542987E-04
DCI,243.8567047119,2.545941E-04
DCI,244.0567169189,2.558495E-04
DCI,244.2567291260,2.562926E-04
DCI,244.4567871094,2.558864E-04
DCI,244.6568145752,2.565511E-04
DCI,244.8568420410,2.556280E-04
DCI,245.0569152832,2.551849E-04
DCI,245.2569427490,2.568095E-04
DCI,245.4569549561,2.584342E-04
DCI,245.6570129395,2.568465E-04
DCI,245.8570404053,2.579542E-04
DCI,246.0570526123,2.593943E-04
DCI,246.2574005127,2.612036E-04
DCI,246.4571533203,2.610928E-04
DCI,246.6571960449,2.584711E-04
DCI,246.8572845459,2.576957E-04
DCI,247.0572662354,2.570680E-04
DCI,247.2587738037,2.538925E-04
DCI,247.4587707520,2.533017E-04
DCI,247.6587524414,2.536710E-04
DCI,247.8588409424,2.544833E-04
DCI,248.0588836670,2.547418E-04
DCI,248.2588653564,2.546310E-04
DCI,248.4589538574,2.555172E-04
DCI,248.6589813232,2.587296E-04
DCI,248.8589630127,2.589512E-04
DCI,249.0590515137,2.590989E-04
DCI,249.2589874268,2.567726E-04
DCI,249.4590454102,2.565142E-04
DCI,249.6591339111,2.580650E-04
DCI,249.8591156006,2.582496E-04
DCI,250.0591735840,2.598004E-04
DCI,250.2592926025,2.602804E-04
DCI,250.4592437744,2.574003E-04
DCI,250.6592864990,2.571788E-04
DCI,250.8594055176,2.598374E-04
DCI,251.0593566895,2.596527E-04
DCI,251.2593994141,2.572526E-04
DCI,251.4594421387,2.577696E-04
DCI,251.6595001221,2.569942E-04
DCI,251.8595275879,2.576219E-04
DCI,252.0595550537,2.588773E-04
DCI,252.2595825195,2.627913E-04
DCI,252.4596099854,2.572896E-04
DCI,252.6596832275,2.507170E-04
DCI,252.8597106934,2.506062E-04
DCI,253.0610656738,2.527479E-04
DCI,253.2610015869,2.535602E-04
DCI,253.4610443115,2.532279E-04
DCI,253.6610870361,2.533017E-04
DCI,253.8611297607,2.539664E-04
DCI,254.0613098145,2.565511E-04
DCI,254.2614593506,2.575480E-04
DCI,254.4614715576,2.551849E-04
DCI,254.6622467041,2.559972E-04
DCI,254.8615417480,2.570311E-04
DCI,255.0615539551,2.578804E-04
DCI,255.2615356445,2.585081E-04
DCI,255.4616546631,2.587296E-04
DCI,255.6616058350,2.569942E-04
DCI,255.8616333008,2.538187E-04
DCI,256.0617370605,2.561080E-04
DCI,256.2617187500,2.586188E-04
DCI,256.4617309570,2.573265E-04
DCI,256.6619262695,2.571788E-04
DCI,256.8619079590,2.574003E-04
DCI,257.0618896484,2.570680E-04
DCI,257.2619934082,2.596158E-04
DCI,257.4620056152,2.592466E-04
DCI,257.6619873047,2.572526E-04
DCI,257.8620605469,2.555172E-04
DCI,258.0620727539,2.561080E-04
DCI,258.2648620605,2.550372E-04
DCI,258.4648132324,2.557757E-04
DCI,258.6648254395,2.566988E-04
DCI,258.8649902344,2.545941E-04
DCI,259.0649414062,2.521201E-04
DCI,259.2649536133,2.532648E-04
DCI,259.4650573730,2.536710E-04
DCI,259.6650695801,2.533387E-04
DCI,259.8650817871,2.543356E-04
DCI,260.0651245117,2.575850E-04
DCI,260.2651672363,2.565142E-04
DCI,260.4652099609,2.559972E-04
DCI,260.6652221680,2.572157E-04
DCI,260.8652648926,2.582127E-04
DCI,261.0652770996,2.595789E-04
DCI,261.2653198242,2.594312E-04
DCI,261.4655456543,2.572157E-04
DCI,261.6655883789,2.547049E-04
DCI,261.8656616211,2.566619E-04
DCI,262.0656738281,2.585819E-04
DCI,262.2656860352,2.575111E-04
DCI,262.4657592773,2.558864E-04
DCI,262.6657409668,2.552218E-04
DCI,262.8657531738,2.564403E-04
DCI,263.0658264160,2.588773E-04
DCI,263.2658081055,2.601327E-04
DCI,263.4681396484,2.541879E-04
DCI,263.6681518555,2.517140E-04
DCI,263.8681030273,2.533756E-04
DCI,264.0682373047,2.547049E-04
DCI,264.2682800293,2.571049E-04
DCI,264.4682312012,2.577696E-04
DCI,264.6683349609,2.562926E-04
DCI,264.8683166504,2.554803E-04
DCI,265.0683288574,2.543356E-04
DCI,265.2684326172,2.554803E-04
DCI,265.4684143066,2.575111E-04
DCI,265.6684570312,2.571049E-04
DCI,265.8685302734,2.545572E-04
DCI,266.0684814453,2.532648E-04
DCI,266.2685241699,2.559972E-04
DCI,266.4685974121,2.558864E-04
DCI,266.6686096191,2.575850E-04
DCI,266.8686218262,2.574003E-04
DCI,267.0686340332,2.562926E-04
DCI,267.2686767578,2.560341E-04
DCI,267.4686889648,2.561080E-04
DCI,267.6687316895,2.571049E-04
DCI,267.8687744141,2.583234E-04
DCI,268.0687866211,2.589512E-04
DCI,268.2688598633,2.597266E-04
DCI,268.4691162109,2.609451E-04
DCI,268.6689147949,2.596158E-04
DCI,268.8690185547,2.585081E-04
DCI,269.0690307617,2.613882E-04
DCI,269.2690429688,2.581388E-04
DCI,269.4691467285,2.572157E-04
DCI,269.6691284180,2.589512E-04
DCI,269.8701782227,3.524807E-04
DCI,270.0701904297,7.231423E-03
DCI,270.2701416016,2.793039E-02
DCI,270.4702758789,3.013818E-02
DCI,270.6703186035,2.077253E-02
DCI,270.8702697754,1.377373E-02
DCI,271.0704040527,9.302698E-03
DCI,271.2703247070,6.442349E-03
DCI,271.4703979492,4.576669E-03
DCI,271.6705322266,3.342914E-03
DCI,271.8704528809,2.485013E-03
DCI,272.0704650879,1.892745E-03
DCI,272.2705688477,1.487574E-03
DCI,272.4705200195,1.191883E-03
DCI,272.6705322266,9.734015E-04
DCI,272.8705749512,8.336426E-04
DCI,273.0705871582,7.401131E-04
DCI,273.2706298828,6.613902E-04
DCI,273.4707031250,5.942986E-04
DCI,273.6706848145,5.551957E-04
DCI,273.8707275391,5.227391E-04
DCI,274.0707397461,4.983321E-04
DCI,274.2707519531,4.782452E-04
DCI,274.4707946777,4.592291E-04
DCI,274.6708374023,4.450871E-04
DCI,274.8708801270,4.332344E-04
DCI,275.0740051270,4.274372E-04
DCI,275.2739562988,4.206801E-04
DCI,275.4739990234,4.137383E-04
DCI,275.6741027832,4.033994E-04
DCI,275.8746337891,3.987100E-04
DCI,276.0742492676,4.036948E-04
DCI,276.2760314941,4.031779E-04
DCI,276.4760131836,3.968269E-04
DCI,276.6759643555,3.933560E-04
DCI,276.8786621094,3.844572E-04
DCI,277.0783081055,3.809494E-04
DCI,277.2782592773,3.830172E-04
DCI,277.4783630371,3.818725E-04
DCI,277.6783752441,3.765554E-04
DCI,277.8784179688,3.731953E-04
DCI,278.0784606934,3.740815E-04
DCI,278.2784423828,3.722722E-04
DCI,278.4784851074,3.713121E-04
DCI,278.6785888672,3.731214E-04
DCI,278.8785400391,3.697244E-04
DCI,279.0785827637,3.701305E-04
DCI,279.2785949707,3.711644E-04
DCI,279.4786376953,3.683951E-04
DCI,279.6786193848,3.719768E-04
DCI,279.8786926270,3.731214E-04
DCI,280.0787048340,3.711644E-04
DCI,280.2787475586,3.697613E-04
DCI,280.4788208008,3.680259E-04
DCI,280.6788330078,3.705367E-04
DCI,280.8788757324,3.704998E-04
DCI,281.0789184570,3.697613E-04
DCI,281.2789306641,3.695767E-04
DCI,281.4789733887,3.702413E-04
DCI,281.6790466309,3.706475E-04
DCI,281.8793334961,3.717921E-04
DCI,282.0793457031,3.701305E-04
DCI,282.2794494629,3.708321E-04
DCI,282.4794311523,3.695398E-04
DCI,282.6794433594,3.720875E-04
DCI,282.8795471191,3.747830E-04
DCI,283.0795593262,3.744507E-04
DCI,283.2823181152,3.716075E-04
DCI,283.4821777344,3.710167E-04
DCI,283.6821899414,3.731953E-04
DCI,283.8823242188,3.726414E-04
DCI,284.0823669434,3.718291E-04
DCI,284.2823486328,3.709429E-04
DCI,284.4823608398,3.708321E-04
DCI,284.6824645996,3.736753E-04
DCI,284.8824462891,3.735645E-04
DCI,285.0834655762,3.717921E-04
DCI,285.2834472656,3.737861E-04
DCI,285.4834594727,3.727522E-04
DCI,285.6835632324,3.703152E-04
DCI,285.8835144043,3.713860E-04
DCI,286.0835876465,3.718660E-04
DCI,286.2861938477,3.721983E-04
DCI,286.4861450195,3.674720E-04
DCI,286.6862182617,3.702044E-04
DCI,286.8863220215,3.704998E-04
DCI,287.0863037109,3.676935E-04
DCI,287.2863464355,3.685059E-04
DCI,287.4864196777,3.693182E-04
DCI,287.6863708496,3.717183E-04
DCI,287.8864440918,3.709429E-04
DCI,288.0865173340,3.697244E-04
DCI,288.2864685059,3.741922E-04
DCI,288.4865112305,3.736014E-04
DCI,288.6866455078,3.697613E-04
DCI,288.8865661621,3.707952E-04
DCI,289.0865783691,3.749307E-04
DCI,289.2866516113,3.725676E-04
DCI,289.4866638184,3.655519E-04
DCI,289.6866760254,3.709798E-04
DCI,289.8867187500,3.726414E-04
DCI,290.0868225098,3.718291E-04
DCI,290.2867736816,3.711644E-04
DCI,290.4868774414,3.731583E-04
DCI,290.6869506836,3.714967E-04
DCI,290.8869018555,3.715706E-04
DCI,291.0870361328,3.712383E-04
DCI,291.2870178223,3.674720E-04
DCI,291.4870300293,3.681366E-04
DCI,291.6871337891,3.693921E-04
DCI,291.8871154785,3.707583E-04
DCI,292.0871276855,3.747830E-04
DCI,292.2872314453,3.743399E-04
DCI,292.4872131348,3.693921E-04
DCI,292.6872253418,3.668812E-04
DCI,292.8873291016,3.699828E-04
DCI,293.0873413086,3.805802E-04
DCI,293.2873229980,3.853065E-04
DCI,293.4874267578,3.856388E-04
DCI,293.6873779297,3.809863E-04
DCI,293.8874206543,3.781431E-04
DCI,294.0893554688,3.822417E-04
DCI,294.2893066406,3.807278E-04
DCI,294.4893188477,3.761123E-04
DCI,294.6893310547,3.737861E-04
DCI,294.8893737793,3.690228E-04
DCI,295.0928344727,3.655888E-04
DCI,295.2928466797,3.644811E-04
DCI,295.4928588867,3.643334E-04
DCI,295.6929016113,3.632995E-04
DCI,295.8928833008,3.635949E-04
DCI,296.0929260254,3.658842E-04
DCI,296.2929687500,3.682843E-04
DCI,296.4930114746,3.711275E-04
DCI,296.6930541992,3.752261E-04
DCI,296.8962707520,3.727522E-04
DCI,297.0962219238,3.736753E-04
DCI,297.2962341309,3.703521E-04
DCI,297.4962768555,3.657735E-04
DCI,297.6963195801,3.700198E-04
DCI,297.8963317871,3.693551E-04
DCI,298.0964660645,3.728260E-04
DCI,298.2964782715,3.762969E-04
DCI,298.4964904785,3.747092E-04
DCI,298.6965942383,3.732322E-04
DCI,298.8966369629,3.713490E-04
DCI,299.0966186523,3.697613E-04
DCI,299.2966918945,3.688013E-04
DCI,299.4967041016,3.733060E-04
DCI,299.6966857910,3.788447E-04
DCI,299.8967895508,3.792878E-04
DCI,300.0967712402,3.772200E-04
DCI,300.2967529297,3.755215E-04
DCI,300.4968872070,3.695767E-04
DCI,300.6968688965,3.686905E-04
DCI,300.8968811035,3.662904E-04
DCI,301.0970153809,3.668443E-04
DCI,301.2969665527,3.680628E-04
DCI,301.4970092773,3.741922E-04
DCI,301.6971435547,3.751892E-04
DCI,301.8970947266,3.746353E-04
DCI,302.0971069336,3.693182E-04
DCI,302.2971801758,3.688382E-04
DCI,302.4971923828,3.668812E-04
DCI,302.6972351074,3.692444E-04
DCI,302.8972778320,3.716444E-04
DCI,303.0972900391,3.712014E-04
DCI,303.2996520996,3.700936E-04
DCI,303.4995727539,3.701305E-04
DCI,303.6996154785,3.699828E-04
DCI,303.8997192383,3.734907E-04
DCI,304.0996704102,3.723460E-04
DCI,304.2997131348,3.706106E-04
DCI,304.4998474121,3.675828E-04
DCI,304.6997375488,3.682474E-04
DCI,304.8997802734,3.740815E-04
DCI,305.0998229980,3.716444E-04
DCI,305.2998352051,3.711644E-04
DCI,305.5000610352,3.738599E-04
DCI,305.7001953125,3.722352E-04
DCI,305.9002685547,3.716075E-04
DCI,306.1002197266,3.678412E-04
DCI,306.3002929688,3.692074E-04
DCI,306.5002746582,3.762969E-04
DCI,306.7003479004,3.779216E-04
DCI,306.9004516602,3.733799E-04
DCI,307.1004028320,3.725676E-04
DCI,307.3004455566,3.712752E-04
DCI,307.5005493164,3.733060E-04
DCI,307.7004699707,3.704629E-04
DCI,307.9005126953,3.695398E-04
DCI,308.1006469727,3.726414E-04
DCI,308.3005676270,3.724937E-04
DCI,308.5006103516,3.699828E-04
DCI,308.7007446289,3.703152E-04
DCI,308.9006652832,3.700567E-04
DCI,309.1006774902,3.680259E-04
DCI,309.3006896973,3.672874E-04
DCI,309.5007324219,3.653673E-04
DCI,309.7007751465,3.661796E-04
DCI,309.9007873535,3.724199E-04
DCI,310.1008605957,3.733060E-04
DCI,310.3008728027,3.719768E-04
DCI,310.5008850098,3.718291E-04
DCI,310.7009277344,3.682474E-04
DCI,310.9018249512,3.700198E-04
DCI,311.1017456055,3.726783E-04
DCI,311.3017883301,3.731583E-04
DCI,311.5019531250,3.727891E-04
DCI,311.7019653320,3.699459E-04
DCI,311.9019165039,3.673243E-04
DCI,312.1021118164,3.720506E-04
DCI,312.3020935059,3.710537E-04
DCI,312.5020446777,3.693182E-04
DCI,312.7022399902,3.692074E-04
DCI,312.9021911621,3.685797E-04
DCI,313.1021118164,3.665120E-04
DCI,313.3023071289,3.678412E-04
DCI,313.5022583008,3.692813E-04
DCI,313.7023315430,3.691336E-04
DCI,313.9024047852,3.699090E-04
DCI,314.1023864746,3.699090E-04
DCI,314.3024291992,3.699090E-04
DCI,314.5025329590,3.728260E-04
DCI,314.7024841309,3.716075E-04
DCI,314.9025268555,3.680997E-04
DCI,315.1026000977,3.706475E-04
DCI,315.3026428223,3.728630E-04
DCI,315.5026550293,3.722722E-04
DCI,315.7026977539,3.745615E-04
DCI,315.9027099609,3.710537E-04
DCI,316.1055603027,3.697982E-04
DCI,316.3064270020,3.720137E-04
DCI,316.5064697266,3.765185E-04
DCI,316.7066040039,3.768139E-04
DCI,316.9065246582,3.731583E-04
DCI,317.1065673828,3.743399E-04
DCI,317.3101806641,3.723091E-04
DCI,317.5101623535,3.668812E-04
DCI,317.7101745605,3.703890E-04
DCI,317.9102172852,3.726783E-04
DCI,318.1102294922,3.733430E-04
DCI,318.3145141602,3.710906E-04
DCI,318.5136718750,3.716814E-04
DCI,318.7136535645,3.741184E-04
DCI,318.9136962891,3.722722E-04
DCI,319.1137390137,3.671397E-04
DCI,319.3137817383,3.672874E-04
DCI,319.5138244629,3.731214E-04
DCI,319.7139282227,3.740076E-04
DCI,319.9139099121,3.702782E-04
DCI,320.1151123047,3.693182E-04
DCI,320.3151245117,3.671766E-04
DCI,320.5151062012,3.687643E-04
DCI,320.7151794434,3.727522E-04
DCI,320.9151916504,3.726414E-04
DCI,321.1152038574,3.722352E-04
DCI,321.3153076172,3.727153E-04
DCI,321.5152282715,3.706475E-04
DCI,321.7152709961,3.734168E-04
DCI,321.9154052734,3.713860E-04
DCI,322.1153259277,3.669181E-04
DCI,322.3153381348,3.713860E-04
DCI,322.5154113770,3.746722E-04
DCI,322.7153625488,3.740445E-04
DCI,322.9154052734,3.708321E-04
DCI,323.1155395508,3.716075E-04
DCI,323.3154907227,3.695028E-04
DCI,323.5155334473,3.692074E-04
DCI,323.7155761719,3.710167E-04
DCI,323.9156188965,3.734168E-04
DCI,324.1156616211,3.728260E-04
DCI,324.3156738281,3.699459E-04
DCI,324.5157470703,3.697244E-04
DCI,324.7157897949,3.729368E-04
DCI,324.9158325195,3.695767E-04
DCI,325.1158447266,3.666597E-04
DCI,325.3189697266,3.703152E-04
DCI,325.5189208984,3.715337E-04
DCI,325.7189331055,3.673243E-04
DCI,325.9191284180,3.673612E-04
DCI,326.1190795898,3.700936E-04
DCI,326.3190612793,3.772200E-04
DCI,326.5191345215,3.751523E-04
DCI,326.7191772461,3.736014E-04
DCI,326.9191894531,3.721245E-04
DCI,327.1193237305,3.686905E-04
DCI,327.3193359375,3.692074E-04
DCI,327.5192871094,3.699090E-04
DCI,327.7194213867,3.688751E-04
DCI,327.9194641113,3.689859E-04
DCI,328.1194152832,3.687274E-04
DCI,328.3195495605,3.708321E-04
DCI,328.5195312500,3.712014E-04
DCI,328.7195129395,3.713490E-04
DCI,328.9196166992,3.730476E-04
DCI,329.1195983887,3.716075E-04
DCI,329.3195800781,3.706475E-04
DCI,329.5197143555,3.703890E-04
DCI,329.7196655273,3.678782E-04
DCI,329.9197082520,3.703521E-04
DCI,330.1198120117,3.783278E-04
DCI,330.3197631836,4.090489E-04
DCI,330.5198059082,4.686818E-04
DCI,330.7199401855,4.850024E-04
DCI,330.9198608398,4.438686E-04
DCI,331.1230468750,3.949437E-04
DCI,331.3229675293,3.611210E-04
DCI,331.5230102539,3.385233E-04
DCI,331.7231140137,3.199872E-04
DCI,331.9230651855,3.081714E-04
DCI,332.1231079102,2.963556E-04
DCI,332.3232116699,2.890815E-04
DCI,332.5231323242,2.821766E-04
DCI,332.7231750488,2.717639E-04
DCI,332.9232788086,2.708039E-04
DCI,333.1232604980,2.677761E-04
DCI,333.3232727051,2.655976E-04
DCI,333.5242614746,2.645637E-04
DCI,333.7242431641,2.615359E-04
DCI,333.9242553711,2.587665E-04
DCI,334.1243286133,2.572526E-04
DCI,334.3243408203,2.554433E-04
DCI,334.5277709961,2.550372E-04
DCI,334.7277832031,2.583604E-04
DCI,334.9277954102,2.582496E-04
DCI,335.1278076172,2.576588E-04
DCI,335.3278503418,2.610189E-04
DCI,335.5315856934,2.596527E-04
DCI,335.7316894531,2.571788E-04
DCI,335.9316406250,2.565511E-04
DCI,336.1316833496,2.569942E-04
DCI,336.3317260742,2.584342E-04
DCI,336.5354614258,2.592466E-04
DCI,336.7350463867,2.598743E-04
DCI,336.9351806641,2.587296E-04
DCI,337.1351013184,2.579542E-04
DCI,337.3351440430,2.564403E-04
DCI,337.5401916504,2.564034E-04
DCI,337.7396850586,2.569572E-04
DCI,337.9396972656,2.565880E-04
DCI,338.1397399902,2.565511E-04
DCI,338.3400268555,2.558495E-04
DCI,338.5438842773,2.576957E-04
DCI,338.7402038574,2.581758E-04
DCI,338.9401855469,2.570311E-04
DCI,339.1401672363,2.574003E-04
DCI,339.3402709961,2.573634E-04
DCI,339.5402221680,2.582496E-04
DCI,339.7402648926,2.579542E-04
DCI,339.9403381348,2.558126E-04
DCI,340.1403198242,2.559234E-04
DCI,340.3403625488,2.563295E-04
DCI,340.5404357910,2.564034E-04
DCI,340.7403869629,2.582865E-04
DCI,340.9404296875,2.575111E-04
DCI,341.1405029297,2.569572E-04
DCI,341.3404846191,2.552587E-04
DCI,341.5404968262,2.559603E-04
DCI,341.7405700684,2.569942E-04
DCI,341.9405517578,2.573634E-04
DCI,342.1405944824,2.587296E-04
DCI,342.3407287598,2.585081E-04
DCI,342.5406799316,2.585081E-04
DCI,342.7406921387,2.595789E-04
DCI,342.9407653809,2.586558E-04
DCI,343.1408081055,2.564403E-04
DCI,343.3407897949,2.561818E-04
DCI,343.5408630371,2.564403E-04
DCI,343.7409057617,2.554803E-04
DCI,343.9409179688,2.563665E-04
DCI,344.1409606934,2.568834E-04
DCI,344.3410034180,2.574003E-04
DCI,344.5410156250,2.598743E-04
DCI,344.7411193848,2.597266E-04
DCI,344.9411621094,2.584711E-04
DCI,345.1411743164,2.600589E-04
DCI,345.3412780762,2.596897E-04
DCI,345.5412597656,2.588035E-04
DCI,345.7428283691,2.565511E-04
DCI,345.9428405762,2.549264E-04
DCI,346.1428527832,2.572526E-04
DCI,346.3429565430,2.558864E-04
DCI,346.5429382324,2.560341E-04
DCI,346.7429199219,2.559972E-04
DCI,346.9429931641,2.570311E-04
DCI,347.1430053711,2.551849E-04
DCI,347.3430175781,2.548895E-04
DCI,347.5430908203,2.561818E-04
DCI,347.7430725098,2.574742E-04
DCI,347.9430847168,2.561818E-04
DCI,348.1431579590,2.560711E-04
DCI,348.3431396484,2.572896E-04
DCI,348.5431823730,2.561080E-04
DCI,348.7431945801,2.559603E-04
DCI,348.9432373047,2.574742E-04
DCI,349.1432189941,2.587296E-04
DCI,349.3432922363,2.603543E-04
DCI,349.5433044434,2.592096E-04
DCI,349.7433471680,2.577696E-04
DCI,349.9433898926,2.565511E-04
DCI,350.1434326172,2.571419E-04
DCI,350.3434448242,2.569942E-04
DCI,350.5435180664,2.562188E-04
DCI,350.7435607910,2.575480E-04
DCI,350.9465637207,2.601327E-04
DCI,351.1466369629,2.623851E-04
DCI,351.3465881348,2.608712E-04
DCI,351.5467224121,2.586188E-04
DCI,351.7467346191,2.538925E-04
DCI,351.9466857910,2.522309E-04
DCI,352.1467895508,2.559972E-04
DCI,352.3468017578,2.553695E-04
DCI,352.5468139648,2.559603E-04
DCI,352.7468872070,2.569942E-04
DCI,352.9468383789,2.586188E-04
DCI,353.1468811035,2.578434E-04
DCI,353.3469848633,2.574373E-04
DCI,353.5469360352,2.575111E-04
DCI,353.7469787598,2.561080E-04
DCI,353.9471130371,2.555172E-04
DCI,354.1470336914,2.574003E-04
DCI,354.3471069336,2.558495E-04
DCI,354.5472106934,2.551110E-04
DCI,354.7471618652,2.556649E-04
DCI,354.9472045898,2.569942E-04
DCI,355.1472778320,2.580650E-04
DCI,355.3472595215,2.575480E-04
DCI,355.5473022461,2.553326E-04
DCI,355.7473449707,2.531171E-04
DCI,355.9473876953,2.532648E-04
DCI,356.1497802734,2.565880E-04
DCI,356.3497619629,2.576219E-04
DCI,356.5497741699,2.566619E-04
DCI,356.7498779297,2.555541E-04
DCI,356.9498291016,2.590619E-04
DCI,357.1498107910,2.607974E-04
DCI,357.3499450684,2.605020E-04
DCI,357.5498962402,2.569942E-04
DCI,357.7499389648,2.557018E-04
DCI,357.9499816895,2.566619E-04
DCI,358.1500244141,2.560711E-04
DCI,358.3500366211,2.555541E-04
DCI,358.5502319336,2.578065E-04
DCI,358.7503356934,2.587665E-04
DCI,358.9503479004,2.636036E-04
DCI,359.1504211426,2.621636E-04
DCI,359.3504638672,2.579173E-04
DCI,359.5504455566,2.561080E-04
DCI,359.7575988770,2.565142E-04
DCI,359.9505004883,2.564403E-04
DCI,360.1505737305,2.570311E-04
DCI,360.3506469727,2.558864E-04
DCI,360.5506286621,2.553326E-04
DCI,360.7506408691,2.568465E-04
DCI,360.9507446289,2.568465E-04
DCI,361.1507263184,2.564034E-04
DCI,361.3535461426,2.568465E-04
DCI,361.5535583496,2.597266E-04
DCI,361.7535400391,2.577327E-04
DCI,361.9561767578,2.572157E-04
DCI,362.1562194824,2.566988E-04
DCI,362.3562011719,2.546310E-04
DCI,362.5563049316,2.550003E-04
DCI,362.7562866211,2.595789E-04
DCI,362.9562988281,2.595050E-04
DCI,363.1564025879,2.598004E-04
DCI,363.3563842773,2.600958E-04
DCI,363.5564270020,2.584342E-04
DCI,363.7565002441,2.555172E-04
DCI,363.9564819336,2.520832E-04
DCI,364.1564941406,2.500893E-04
DCI,364.3565673828,2.530433E-04
DCI,364.5565185547,2.554064E-04
DCI,364.7565307617,2.552956E-04
DCI,364.9566345215,2.565142E-04
DCI,365.1566162109,2.571788E-04
DCI,365.3566284180,2.578804E-04
DCI,365.5567626953,2.563665E-04
DCI,365.7567138672,2.551480E-04
DCI,365.9567260742,2.552587E-04
DCI,366.1567993164,2.583604E-04
DCI,366.3568420410,2.576219E-04
DCI,366.5568542480,2.544464E-04
DCI,366.7568969727,2.550741E-04
DCI,366.9569396973,2.555172E-04
DCI,367.1569519043,2.542987E-04
DCI,367.3569946289,2.539294E-04
DCI,367.5570373535,2.558495E-04
DCI,367.7570800781,2.557018E-04
DCI,367.9574279785,2.565880E-04
DCI,368.1575317383,2.584342E-04
DCI,368.3575439453,2.574742E-04
DCI,368.5575866699,2.575850E-04
DCI,368.7575683594,2.590250E-04
DCI,368.9576110840,2.579911E-04
DCI,369.1576538086,2.557757E-04
DCI,369.3576354980,2.547787E-04
DCI,369.5576171875,2.582865E-04
DCI,369.7577209473,2.595789E-04
DCI,369.9577026367,2.588404E-04
DCI,370.1602478027,2.576588E-04
DCI,370.3602600098,2.553326E-04
DCI,370.5601806641,2.566988E-04
DCI,370.7602539062,2.591727E-04
DCI,370.9603576660,2.609820E-04
DCI,371.1602783203,2.609082E-04
DCI,371.3634338379,2.584711E-04
DCI,371.5633544922,2.590250E-04
DCI,371.7633972168,2.591358E-04
DCI,371.9660949707,2.574742E-04
DCI,372.1660156250,2.567357E-04
DCI,372.3660583496,2.575850E-04
DCI,372.5661621094,2.599850E-04
DCI,372.7661437988,2.600958E-04
DCI,372.9661865234,2.589512E-04
DCI,373.1661987305,2.575111E-04
DCI,373.3662414551,2.565511E-04
DCI,373.5662841797,2.599481E-04
DCI,373.7663269043,2.582127E-04
DCI,373.9663391113,2.561818E-04
DCI,374.1665344238,2.560341E-04
DCI,374.3666687012,2.562926E-04
DCI,374.5667114258,2.520463E-04
DCI,374.7666931152,2.515663E-04
DCI,374.9667968750,2.535971E-04
DCI,375.1667480469,2.545941E-04
DCI,375.3667907715,2.555541E-04
DCI,375.5668945312,2.561080E-04
DCI,375.7668457031,2.578804E-04
DCI,375.9669189453,2.576219E-04
DCI,376.1670227051,2.562926E-04
DCI,376.3669738770,2.566988E-04
DCI,376.5670166016,2.571419E-04
DCI,376.7670898438,2.584342E-04
DCI,376.9671325684,2.575850E-04
DCI,377.1697998047,2.568465E-04
DCI,377.3697509766,2.574003E-04
DCI,377.5697937012,2.564772E-04
DCI,377.7699584961,2.552587E-04
DCI,377.9699096680,2.601327E-04
DCI,378.1699218750,2.600220E-04
DCI,378.3734741211,2.555541E-04
DCI,378.5699768066,2.544095E-04
DCI,378.7700195312,2.544095E-04
DCI,378.9741210938,2.562926E-04
DCI,379.1734924316,2.568095E-04
DCI,379.3735656738,2.560341E-04
DCI,379.5760498047,2.552218E-04
DCI,379.7760009766,2.551110E-04
DCI,379.9781188965,2.563295E-04
DCI,380.1781311035,2.594312E-04
DCI,380.3781127930,2.586188E-04
DCI,380.5781555176,2.590619E-04
DCI,380.7782287598,2.588773E-04
DCI,380.9820251465,2.618313E-04
DCI,381.1818847656,2.623482E-04
DCI,381.3819274902,2.609820E-04
DCI,381.5819396973,2.599850E-04
DCI,381.7819824219,2.604651E-04
DCI,381.9857177734,2.597635E-04
DCI,382.1853027344,2.572526E-04
DCI,382.3853149414,2.565142E-04
DCI,382.5853881836,2.569203E-04
DCI,382.7854003906,2.588404E-04
DCI,382.9926452637,2.573634E-04
DCI,383.1919860840,2.557018E-04
DCI,383.3920288086,2.567726E-04
DCI,383.5922851562,2.580281E-04
DCI,383.7921142578,2.548895E-04
DCI,383.9921875000,2.539294E-04
DCI,384.1922607422,2.549264E-04
DCI,384.3922729492,2.535602E-04
DCI,384.5922851562,2.554433E-04
DCI,384.7923278809,2.563295E-04
DCI,384.9923400879,2.550372E-04
DCI,385.1923828125,2.536341E-04
DCI,385.3924865723,2.529325E-04
DCI,385.5924987793,2.546679E-04
DCI,385.7924804688,2.576588E-04
DCI,385.9925842285,2.600220E-04
DCI,386.1925354004,2.606497E-04
DCI,386.3925476074,2.609820E-04
DCI,386.5926208496,2.619051E-04
DCI,386.7926025391,2.602804E-04
DCI,386.9926757812,2.575850E-04
DCI,387.1927795410,2.583604E-04
DCI,387.3927307129,2.590250E-04
DCI,387.5927734375,2.588404E-04
DCI,387.7928771973,2.572526E-04
DCI,387.9928588867,2.558495E-04
DCI,388.1928710938,2.577327E-04
DCI,388.3929138184,2.588773E-04
DCI,388.5929565430,2.581758E-04
DCI,388.7945251465,2.554433E-04
DCI,388.9945068359,2.554064E-04
DCI,389.1945190430,2.566619E-04
DCI,389.3946228027,2.552587E-04
DCI,389.5945739746,2.538187E-04
DCI,389.7946166992,2.567726E-04
DCI,389.9947509766,3.902543E-04
DCI,390.1947021484,8.101621E-03
DCI,390.3947143555,2.870138E-02
DCI,390.5947570801,2.971621E-02
DCI,390.7947692871,2.032884E-02
DCI,390.9947814941,1.351012E-02
DCI,391.1948547363,9.140489E-03
DCI,391.3948364258,6.336154E-03
DCI,391.5948791504,4.515670E-03
DCI,391.7950134277,3.296943E-03
DCI,391.9949951172,2.451559E-03
DCI,392.1950073242,1.863501E-03
DCI,392.3951416016,1.460287E-03
DCI,392.5951232910,1.175156E-03
DCI,392.7951049805,9.665704E-04
DCI,392.9952392578,8.278085E-04
DCI,393.1951904297,7.201370E-04
DCI,393.3952331543,6.513099E-04
DCI,393.5953369141,5.966987E-04
DCI,393.7952880859,5.536448E-04
DCI,393.9953308105,5.204867E-04
DCI,394.1954345703,4.998829E-04
DCI,394.3953857422,4.790206E-04
DCI,394.5954284668,4.609277E-04
DCI,394.7955627441,4.508842E-04
DCI,394.9955139160,4.399177E-04
DCI,395.1955566406,4.291727E-04
DCI,395.3956604004,4.189446E-04
DCI,395.5956420898,4.137752E-04
DCI,395.7956848145,4.083473E-04
DCI,395.9957885742,4.023655E-04
DCI,396.1957397461,3.898851E-04
DCI,396.3957824707,3.850111E-04
DCI,396.5958251953,3.861557E-04
DCI,396.7958984375,3.894420E-04
DCI,396.9959411621,3.919529E-04
DCI,397.1959533691,3.890358E-04
DCI,397.3959960938,3.842357E-04
DCI,397.5960693359,3.802478E-04
DCI,397.7960815430,3.785493E-04
DCI,397.9961242676,3.783647E-04
DCI,398.1962585449,3.757800E-04
DCI,398.3963623047,3.726783E-04
DCI,398.5963134766,3.699459E-04
DCI,398.7963562012,3.750046E-04
DCI,398.9964599609,3.730106E-04
DCI,399.1965026855,3.760384E-04
DCI,399.3986511230,3.752261E-04
DCI,399.5986633301,3.721245E-04
DCI,399.7986450195,3.707213E-04
DCI,400.0017700195,3.716814E-04
DCI,400.2023315430,3.720875E-04
DCI,400.4017333984,3.721614E-04
DCI,400.6020202637,3.740076E-04
DCI,400.8018798828,3.723460E-04
DCI,401.0019226074,3.689120E-04
DCI,401.2021484375,3.711644E-04
DCI,401.4020385742,3.721983E-04
DCI,401.6019897461,3.731583E-04
DCI,401.8022155762,3.738968E-04
DCI,402.0020751953,3.724199E-04
DCI,402.2021179199,3.704629E-04
DCI,402.4022827148,3.698351E-04
DCI,402.6021728516,3.675458E-04
DCI,402.8021850586,3.686905E-04
DCI,403.0023803711,3.680259E-04
DCI,403.2023315430,3.669920E-04
DCI,403.4023742676,3.693921E-04
DCI,403.6025085449,3.654781E-04
DCI,403.8024597168,3.692074E-04
DCI,404.0025024414,3.736014E-04
DCI,404.2025451660,3.717552E-04
DCI,404.4025573730,3.723091E-04
DCI,404.6026306152,3.704259E-04
DCI,404.8026733398,3.687643E-04
DCI,405.0026855469,3.686166E-04
DCI,405.2027587891,3.746722E-04
DCI,405.4027404785,3.722352E-04
DCI,405.6027832031,3.695028E-04
DCI,405.8028259277,3.710537E-04
DCI,406.0031738281,3.744138E-04
DCI,406.2031860352,3.772570E-04
DCI,406.4032287598,3.771462E-04
DCI,406.6033630371,3.761492E-04
DCI,406.8033142090,3.742661E-04
DCI,407.0048828125,3.663643E-04
DCI,407.2048950195,3.636688E-04
DCI,407.4048767090,3.628934E-04
DCI,407.6049499512,3.664750E-04
DCI,407.8049621582,3.730476E-04
DCI,408.0049743652,3.717552E-04
DCI,408.2050476074,3.729737E-04
DCI,408.4050292969,3.753369E-04
DCI,408.6050415039,3.758538E-04
DCI,408.8051452637,3.744876E-04
DCI,409.0051574707,3.713490E-04
DCI,409.2051391602,3.730106E-04
DCI,409.4052734375,3.787709E-04
DCI,409.6052246094,3.825371E-04
DCI,409.8052368164,3.737122E-04
DCI,410.0053100586,3.750415E-04
DCI,410.2053527832,3.717552E-04
DCI,410.4053649902,3.637057E-04
DCI,410.6054077148,3.635580E-04
DCI,410.8054504395,3.679889E-04
DCI,411.0054626465,3.710906E-04
DCI,411.2055053711,3.716814E-04
DCI,411.4055480957,3.706475E-04
DCI,411.6055297852,3.688751E-04
DCI,411.8055725098,3.688382E-04
DCI,412.0056152344,3.694290E-04
DCI,412.2086486816,3.685797E-04
DCI,412.4087219238,3.704259E-04
DCI,412.6087036133,3.733430E-04
DCI,412.8088378906,3.761123E-04
DCI,413.0088195801,3.744507E-04
DCI,413.2088012695,3.729368E-04
DCI,413.4089050293,3.694290E-04
DCI,413.6088562012,3.711644E-04
DCI,413.8088989258,3.727522E-04
DCI,414.0090332031,3.671766E-04
DCI,414.2089843750,3.636318E-04
DCI,414.4090270996,3.681366E-04
DCI,414.6091003418,3.693921E-04
DCI,414.8090820312,3.718291E-04
DCI,415.0090942383,3.735276E-04
DCI,415.2092590332,3.726414E-04
DCI,415.4091796875,3.731214E-04
DCI,415.6092224121,3.746722E-04
DCI,415.8092651367,3.749307E-04
DCI,416.0092773438,3.717183E-04
DCI,416.2093200684,3.731583E-04
DCI,416.4093627930,3.723460E-04
DCI,416.6094055176,3.708321E-04
DCI,416.8094177246,3.677674E-04
DCI,417.0094299316,3.661427E-04
DCI,417.2094726562,3.678782E-04
DCI,417.4119873047,3.673981E-04
DCI,417.6117858887,3.711275E-04
DCI,417.8117675781,3.712383E-04
DCI,418.0119934082,3.683212E-04
DCI,418.2118835449,3.653304E-04
DCI,418.4119262695,3.708690E-04
DCI,418.6123657227,3.721245E-04
DCI,418.8120727539,3.724568E-04
DCI,419.0120239258,3.706475E-04
DCI,419.2121582031,3.722352E-04
DCI,419.4121704102,3.729737E-04
DCI,419.6120910645,3.721245E-04
DCI,419.8121948242,3.690228E-04
DCI,420.0121459961,3.658842E-04
DCI,420.2122192383,3.692074E-04
DCI,420.4123840332,3.727522E-04
DCI,420.6123962402,3.728630E-04
DCI,420.8124084473,3.726414E-04
DCI,421.0125122070,3.730476E-04
DCI,421.2125244141,3.742292E-04
DCI,421.4125671387,3.736384E-04
DCI,421.6126403809,3.691336E-04
DCI,421.8125610352,3.672135E-04
DCI,422.0126342773,3.699459E-04
DCI,422.2126770020,3.703152E-04
DCI,422.4132080078,3.690228E-04
DCI,422.6131896973,3.714229E-04
DCI,422.8132629395,3.761861E-04
DCI,423.0132751465,3.746722E-04
DCI,423.2145385742,3.761861E-04
DCI,423.4154357910,3.757431E-04
DCI,423.6145324707,3.718660E-04
DCI,423.8146362305,3.684689E-04
DCI,424.0145874023,3.663643E-04
DCI,424.2146606445,3.665489E-04
DCI,424.4147338867,3.692813E-04
DCI,424.6147460938,3.712383E-04
DCI,424.8147888184,3.723091E-04
DCI,425.0148010254,3.695767E-04
DCI,425.2148437500,3.650350E-04
DCI,425.4148864746,3.669181E-04
DCI,425.6150207520,3.666597E-04
DCI,425.8150329590,3.717921E-04
DCI,426.0150146484,3.740076E-04
DCI,426.2151489258,3.736384E-04
DCI,426.4151000977,3.751523E-04
DCI,426.6151428223,3.740445E-04
DCI,426.8152770996,3.717921E-04
DCI,427.0152282715,3.703152E-04
DCI,427.2152404785,3.693182E-04
DCI,427.4153137207,3.721983E-04
DCI,427.6152954102,3.710906E-04
DCI,427.8153381348,3.702782E-04
DCI,428.0153808594,3.710167E-04
DCI,428.2153930664,3.697244E-04
DCI,428.4178161621,3.717921E-04
DCI,428.6177673340,3.774416E-04
DCI,428.8177795410,3.718291E-04
DCI,429.0178833008,3.694290E-04
DCI,429.2178649902,3.710906E-04
DCI,429.4178466797,3.692813E-04
DCI,429.6179504395,3.651827E-04
DCI,429.8179626465,3.648134E-04
DCI,430.0179748535,3.664381E-04
DCI,430.2180480957,3.710537E-04
DCI,430.4180908203,3.751892E-04
DCI,430.6181030273,3.725306E-04
DCI,430.8181152344,3.703152E-04
DCI,431.0181579590,3.744876E-04
DCI,431.2181701660,3.746353E-04
DCI,431.4185180664,3.711275E-04
DCI,431.6183166504,3.721614E-04
DCI,431.8182678223,3.742292E-04
DCI,432.0183715820,3.723829E-04
DCI,432.2183227539,3.687643E-04
DCI,432.4183349609,3.697244E-04
DCI,432.6184387207,3.716814E-04
DCI,432.8183898926,3.700198E-04
DCI,433.0184326172,3.693921E-04
DCI,433.2185363770,3.699090E-04
DCI,433.4184875488,3.676566E-04
DCI,433.6211853027,3.700567E-04
DCI,433.8212280273,3.739707E-04
DCI,434.0211791992,3.718660E-04
DCI,434.2212829590,3.710537E-04
DCI,434.4212341309,3.722722E-04
DCI,434.6212463379,3.732691E-04
DCI,434.8213806152,3.710906E-04
DCI,435.0213317871,3.749307E-04
DCI,435.2213439941,3.760384E-04
DCI,435.4214782715,3.743769E-04
DCI,435.6213989258,3.723091E-04
DCI,435.8214111328,3.748569E-04
DCI,436.0215454102,3.760384E-04
DCI,436.2214660645,3.729368E-04
DCI,436.4215087891,3.656627E-04
DCI,436.6215820312,3.633365E-04
DCI,436.8215637207,3.664750E-04
DCI,437.0216064453,3.692444E-04
DCI,437.2216491699,3.694290E-04
DCI,437.4216613770,3.710537E-04
DCI,437.6217041016,3.723091E-04
DCI,437.8217468262,3.717921E-04
DCI,438.0217895508,3.715706E-04
DCI,438.2218322754,3.661796E-04
DCI,438.4219665527,3.682105E-04
DCI,438.6219787598,3.709429E-04
DCI,438.8247375488,3.666597E-04
DCI,439.0248413086,3.679889E-04
DCI,439.2247924805,3.737122E-04
DCI,439.4248962402,3.749307E-04
DCI,439.6249389648,3.767400E-04
DCI,439.8249206543,3.758908E-04
DCI,440.0250244141,3.742661E-04
DCI,440.2250976562,3.739338E-04
DCI,440.4250488281,3.686166E-04
DCI,440.6251220703,3.683212E-04
DCI,440.8250732422,3.683582E-04
DCI,441.0251464844,3.664012E-04
DCI,441.2252807617,3.697244E-04
DCI,441.4252624512,3.733060E-04
DCI,441.6264953613,3.744138E-04
DCI,441.8265686035,3.730106E-04
DCI,442.0265197754,3.702782E-04
DCI,442.2265625000,3.685059E-04
DCI,442.4266662598,3.697982E-04
DCI,442.6301879883,3.715706E-04
DCI,442.8334960938,3.727522E-04
DCI,443.0302124023,3.742661E-04
DCI,443.2302551270,3.721614E-04
DCI,443.4307250977,3.713121E-04
DCI,443.6341857910,3.695398E-04
DCI,443.8338012695,3.727153E-04
DCI,444.0338745117,3.751892E-04
DCI,444.2338562012,3.726783E-04
DCI,444.4338989258,3.708321E-04
DCI,444.6340026855,3.716444E-04
DCI,444.8339538574,3.704259E-04
DCI,445.0339965820,3.693182E-04
DCI,445.2340087891,3.702044E-04
DCI,445.4340820312,3.672135E-04
DCI,445.6340942383,3.680628E-04
DCI,445.8341369629,3.713860E-04
DCI,446.0341796875,3.748199E-04
DCI,446.2342224121,3.735645E-04
DCI,446.4342346191,3.719398E-04
DCI,446.6342468262,3.719398E-04
DCI,446.8342590332,3.716444E-04
DCI,447.0343017578,3.694290E-04
DCI,447.2343750000,3.665489E-04
DCI,447.4343566895,3.639272E-04
DCI,447.6344604492,3.700936E-04
DCI,447.8344421387,3.749676E-04
DCI,448.0344848633,3.743030E-04
DCI,448.2345581055,3.715706E-04
DCI,448.4345092773,3.704259E-04
DCI,448.6372680664,3.727522E-04
DCI,448.8372497559,3.716075E-04
DCI,449.0372619629,3.669920E-04
DCI,449.2373657227,3.669920E-04
DCI,449.4373474121,3.689120E-04
DCI,449.6373901367,3.693182E-04
DCI,449.8374938965,3.727153E-04
DCI,450.0374755859,3.767769E-04
DCI,450.2375183105,4.052457E-04
DCI,450.4387207031,4.646570E-04
DCI,450.6386413574,4.825284E-04
DCI,450.8386840820,4.417270E-04
DCI,451.0388183594,3.993008E-04
DCI,451.2387390137,3.607517E-04
DCI,451.4387512207,3.336862E-04
DCI,451.6388854980,3.174025E-04
DCI,451.8388366699,3.057344E-04
DCI,452.0388793945,2.949155E-04
DCI,452.2389831543,2.854260E-04
DCI,452.4389343262,2.824720E-04
DCI,452.6389465332,2.778565E-04
DCI,452.8390197754,2.726132E-04
DCI,453.0390014648,2.692900E-04
DCI,453.2390441895,2.664837E-04
DCI,453.4390869141,2.623851E-04
DCI,453.6390991211,2.602435E-04
DCI,453.8391418457,2.569572E-04
DCI,454.0394897461,2.557387E-04
DCI,454.2392883301,2.550003E-04
DCI,454.4392700195,2.552218E-04
DCI,454.6393737793,2.562926E-04
DCI,454.8393249512,2.603174E-04
DCI,455.0393371582,2.625698E-04
DCI,455.2394104004,2.610189E-04
DCI,455.4394226074,2.595420E-04
DCI,455.6424865723,2.614620E-04
DCI,455.8424987793,2.622005E-04
DCI,456.0425109863,2.614251E-04
DCI,456.2425842285,2.585081E-04
DCI,456.4426269531,2.575111E-04
DCI,456.6426391602,2.566619E-04
DCI,456.8426818848,2.555541E-04
DCI,457.0426940918,2.563665E-04
DCI,457.2427062988,2.580650E-04
DCI,457.4428100586,2.581019E-04
DCI,457.6427917480,2.551849E-04
DCI,457.8428039551,2.559603E-04
DCI,458.0429077148,2.577327E-04
DCI,458.2428894043,2.568834E-04
DCI,458.4429016113,2.569572E-04
DCI,458.6430053711,2.575111E-04
DCI,458.8429870605,2.567357E-04
DCI,459.0429992676,2.565880E-04
DCI,459.2431030273,2.572896E-04
DCI,459.4431152344,2.564403E-04
DCI,459.6431274414,2.564772E-04
DCI,459.8432006836,2.550003E-04
DCI,460.0432434082,2.534864E-04
DCI,460.2432861328,2.562926E-04
DCI,460.4433593750,2.581758E-04
DCI,460.6433715820,2.574742E-04
DCI,460.8462524414,2.572896E-04
DCI,461.0461425781,2.554803E-04
DCI,461.2462158203,2.542987E-04
DCI,461.4463500977,2.551849E-04
DCI,461.6462707520,2.573634E-04
DCI,461.8462829590,2.580281E-04
DCI,462.0463867188,2.557757E-04
DCI,462.2463684082,2.562926E-04
DCI,462.4463806152,2.592096E-04
DCI,462.6463928223,2.607605E-04
DCI,462.8464050293,2.601327E-04
DCI,463.0465087891,2.588035E-04
DCI,463.2466125488,2.576219E-04
DCI,463.4466247559,2.578065E-04
DCI,463.6466064453,2.568465E-04
DCI,463.8466796875,2.583604E-04
DCI,464.0466613770,2.582127E-04
DCI,464.2466430664,2.542618E-04
DCI,464.4467773438,2.544095E-04
DCI,464.6467590332,2.585450E-04
DCI,464.8467712402,2.582127E-04
DCI,465.0468750000,2.576588E-04
DCI,465.2468566895,2.590250E-04
DCI,465.4468383789,2.577696E-04
DCI,465.6469421387,2.566988E-04
DCI,465.8469543457,2.582496E-04
DCI,466.0469360352,2.603543E-04
DCI,466.2469787598,2.593943E-04
DCI,466.4469909668,2.567357E-04
DCI,466.6498107910,2.586927E-04
DCI,466.8497924805,2.583234E-04
DCI,467.0498352051,2.579911E-04
DCI,467.2499084473,2.578804E-04
DCI,467.4498901367,2.570311E-04
DCI,467.6499328613,2.537079E-04
DCI,467.8500366211,2.543356E-04
DCI,468.0499877930,2.555172E-04
DCI,468.2500305176,2.541879E-04
DCI,468.4500427246,2.545202E-04
DCI,468.6500549316,2.565142E-04
DCI,468.8500671387,2.569572E-04
DCI,469.0501098633,2.582496E-04
DCI,469.2501525879,2.607974E-04
DCI,469.4501647949,2.569942E-04
DCI,469.6504821777,2.578065E-04
DCI,469.8503112793,2.573265E-04
DCI,470.0502929688,2.560341E-04
DCI,470.2503662109,2.547418E-04
DCI,470.4503479004,2.528586E-04
DCI,470.6503601074,2.559234E-04
DCI,470.8504638672,2.578434E-04
DCI,471.0504455566,2.590989E-04
DCI,471.2504577637,2.558126E-04
DCI,471.4505615234,2.544095E-04
DCI,471.6505432129,2.550741E-04
DCI,471.8505249023,2.583234E-04
DCI,472.0506591797,2.589512E-04
DCI,472.2505798340,2.568095E-04
DCI,472.4517517090,2.552218E-04
DCI,472.6517028809,2.560341E-04
DCI,472.8517456055,2.564772E-04
DCI,473.0520324707,2.568834E-04
DCI,473.2518005371,2.572526E-04
DCI,473.4519348145,2.581019E-04
DCI,473.6521301270,2.582496E-04
DCI,473.8519592285,2.574742E-04
DCI,474.0520019531,2.587296E-04
DCI,474.2521362305,2.591727E-04
DCI,474.4520568848,2.588035E-04
DCI,474.6520690918,2.583973E-04
DCI,474.8520812988,2.570680E-04
DCI,475.0521850586,2.562188E-04
DCI,475.2521667480,2.552956E-04
DCI,475.4522094727,2.558495E-04
DCI,475.6522216797,2.555172E-04
DCI,475.8522338867,2.544464E-04
DCI,476.0522766113,2.552587E-04
DCI,476.2522888184,2.572157E-04
DCI,476.4524230957,2.571788E-04
DCI,476.6525268555,2.573265E-04
DCI,476.8525085449,2.567357E-04
DCI,477.0525512695,2.566249E-04
DCI,477.2525939941,2.559972E-04
DCI,477.4525756836,2.581388E-04
DCI,477.6553649902,2.582127E-04
DCI,477.8553466797,2.579173E-04
DCI,478.0553894043,2.590989E-04
DCI,478.2554931641,2.592096E-04
DCI,478.4554748535,2.566249E-04
DCI,478.6554870605,2.575850E-04
DCI,478.8555908203,2.607974E-04
DCI,479.0555419922,2.607235E-04
DCI,479.2555541992,2.595050E-04
DCI,479.4556579590,2.587296E-04
DCI,479.6556091309,2.610928E-04
DCI,479.8556518555,2.588035E-04
DCI,480.0557556152,2.543356E-04
DCI,480.2557067871,2.543725E-04
DCI,480.4557189941,2.535971E-04
DCI,480.6557617188,2.527109E-04
DCI,480.8557739258,2.518617E-04
DCI,481.0566101074,2.526002E-04
DCI,481.2566528320,2.552956E-04
DCI,481.4566345215,2.569572E-04
DCI,481.6566772461,2.569203E-04
DCI,481.8566894531,2.574373E-04
DCI,482.0603332520,2.583234E-04
DCI,482.2615356445,2.585819E-04
DCI,482.4614868164,2.584711E-04
DCI,482.6614990234,2.561818E-04
DCI,482.8616027832,2.566619E-04
DCI,483.0638427734,2.557757E-04
DCI,483.2637939453,2.546310E-04
DCI,483.4638671875,2.555541E-04
DCI,483.6639099121,2.568465E-04
DCI,483.8639221191,2.581019E-04
DCI,484.0639648438,2.569942E-04
DCI,484.2639770508,2.551849E-04
DCI,484.4639892578,2.565142E-04
DCI,484.6640930176,2.584711E-04
DCI,484.8641357422,2.567357E-04
DCI,485.0640869141,2.566249E-04
DCI,485.2642211914,2.570311E-04
DCI,485.4642028809,2.582865E-04
DCI,485.6642150879,2.552587E-04
DCI,485.8643188477,2.568465E-04
DCI,486.0642700195,2.581388E-04
DCI,486.2642822266,2.569572E-04
DCI,486.4643859863,2.592835E-04
DCI,486.6643981934,2.570311E-04
DCI,486.8676147461,2.546310E-04
DCI,487.0644836426,2.566249E-04
DCI,487.2644653320,2.590989E-04
DCI,487.4652099609,2.605020E-04
DCI,487.6651611328,2.588035E-04
DCI,487.8651428223,2.568834E-04
DCI,488.0653076172,2.570680E-04
DCI,488.2652587891,2.559603E-04
DCI,488.4652709961,2.562557E-04
DCI,488.6653747559,2.585081E-04
DCI,488.8653259277,2.574003E-04
DCI,489.0653381348,2.573634E-04
DCI,489.2654724121,2.573265E-04
DCI,489.4654541016,2.556649E-04
DCI,489.6654663086,2.576957E-04
DCI,489.8655395508,2.610559E-04
DCI,490.0655822754,2.591358E-04
DCI,490.2656250000,2.581388E-04
DCI,490.4656677246,2.588404E-04
DCI,490.6656494141,2.581019E-04
DCI,490.8656921387,2.575850E-04
DCI,491.0657653809,2.558495E-04
DCI,491.2657775879,2.553326E-04
DCI,491.4657897949,2.550372E-04
DCI,491.6658325195,2.565880E-04
DCI,491.8658752441,2.570311E-04
DCI,492.0658874512,2.570311E-04
DCI,492.2660217285,2.578434E-04
DCI,492.4659729004,2.576588E-04
DCI,492.6687927246,2.575480E-04
DCI,492.8688354492,2.570680E-04
DCI,493.0687866211,2.553326E-04
DCI,493.2689208984,2.573634E-04
DCI,493.4689331055,2.554064E-04
DCI,493.6688842773,2.540033E-04
DCI,493.8690490723,2.548526E-04
DCI,494.0690307617,2.567726E-04
DCI,494.2690124512,2.562188E-04
DCI,494.4691467285,2.561449E-04
DCI,494.6690979004,2.566249E-04
DCI,494.8691101074,2.569942E-04
DCI,495.0692443848,2.570680E-04
DCI,495.2692260742,2.558864E-04
DCI,495.4692077637,2.545202E-04
DCI,495.6693115234,2.572526E-04
DCI,495.8693237305,2.591727E-04
DCI,496.0693054199,2.576957E-04
DCI,496.2694091797,2.574003E-04
DCI,496.4694213867,2.581019E-04
DCI,496.6694335938,2.556649E-04
DCI,496.8695068359,2.542987E-04
DCI,497.0695495605,2.566988E-04
DCI,497.2695617676,2.577327E-04
DCI,497.4696044922,2.580281E-04
DCI,497.6696472168,2.600589E-04
DCI,497.8696289062,2.590619E-04
DCI,498.0696716309,2.578065E-04
DCI,498.2696838379,2.575480E-04
DCI,498.4717102051,2.590619E-04
DCI,498.6720886230,2.583973E-04
DCI,498.8721008301,2.597635E-04
DCI,499.0723571777,2.596527E-04
DCI,499.2723693848,2.584342E-04
DCI,499.4723510742,2.568465E-04
DCI,499.6724853516,2.559972E-04
DCI,499.8724670410,2.569942E-04
DCI,500.0724487305,2.569203E-04
DCI,500.2725830078,2.606497E-04
DCI,500.4725341797,2.619051E-04
DCI,500.6725463867,2.583604E-04
DCI,500.8726806641,2.588773E-04
DCI,501.0726318359,2.590250E-04
DCI,501.2727050781,2.575850E-04
DCI,501.4728088379,2.574003E-04
DCI,501.6727600098,2.564034E-04
DCI,501.8728027344,2.580281E-04
DCI,502.0729370117,2.590619E-04
DCI,502.2728881836,2.567726E-04
DCI,502.4729003906,2.537448E-04
DCI,502.6729736328,2.552218E-04
DCI,502.8729553223,2.576588E-04
DCI,503.0729980469,2.572896E-04
DCI,503.2730407715,2.568834E-04
DCI,503.4730529785,2.578804E-04
DCI,503.6756286621,2.565880E-04
DCI,503.8755798340,2.550372E-04
DCI,504.0755920410,2.547418E-04
DCI,504.2823181152,2.554064E-04
DCI,504.4756469727,2.565880E-04
DCI,504.6756896973,2.546310E-04
DCI,504.8757934570,2.593943E-04
DCI,505.0757446289,2.580650E-04
DCI,505.2757568359,2.588404E-04
DCI,505.4757995605,2.588404E-04
DCI,505.6758117676,2.582865E-04
DCI,505.8758544922,2.571788E-04
DCI,506.0758666992,2.555910E-04
DCI,506.2759094238,2.550741E-04
DCI,506.4758911133,2.566249E-04
DCI,506.6759643555,2.602066E-04
DCI,506.8759765625,2.597635E-04
DCI,507.0759887695,2.600958E-04
DCI,507.2760925293,2.600589E-04
DCI,507.4761047363,2.604281E-04
DCI,507.6760559082,2.579911E-04
DCI,507.8761901855,2.546679E-04
DCI,508.0761413574,2.524894E-04
DCI,508.2761535645,2.533756E-04
DCI,508.4762573242,2.560711E-04
DCI,508.6763000488,2.540402E-04
DCI,508.8790283203,2.524155E-04
DCI,509.0790405273,2.537448E-04
DCI,509.2790222168,2.542618E-04
DCI,509.4791259766,2.559972E-04
DCI,509.6791076660,2.592096E-04
DCI,509.8790893555,4.556105E-04
DCI,510.0792236328,9.129781E-03
DCI,510.2792053223,2.944636E-02
DCI,510.4791870117,2.923981E-02
DCI,510.6793212891,1.986603E-02
DCI,510.8792724609,1.320461E-02
DCI,511.0792846680,8.950180E-03
DCI,511.2793884277,6.214525E-03
DCI,511.4793701172,4.425390E-03
DCI,511.6793823242,3.246985E-03
DCI,511.8795166016,2.420690E-03
DCI,512.0794677734,1.849654E-03
DCI,512.2794799805,1.438870E-03
DCI,512.4794921875,1.147943E-03
DCI,512.6795654297,9.548654E-04
DCI,512.8795776367,8.209406E-04
DCI,513.0795898438,7.203585E-04
DCI,513.2796630859,6.447373E-04
DCI,513.4796752930,5.970310E-04
DCI,513.6797485352,5.611405E-04
DCI,513.8797607422,5.237730E-04
DCI,514.0798339844,4.990706E-04
DCI,514.2798461914,4.817899E-04
DCI,514.4798583984,4.595984E-04
DCI,514.6801147461,4.377761E-04
DCI,514.8800048828,4.322374E-04
DCI,515.0800170898,4.249264E-04
DCI,515.2800903320,4.120397E-04
DCI,515.4801025391,4.085319E-04
DCI,515.6801147461,4.089381E-04
DCI,515.8801269531,4.048395E-04
DCI,516.0802001953,3.992639E-04
DCI,516.2802124023,3.962730E-04
DCI,516.4810180664,3.927652E-04
DCI,516.6809692383,3.875219E-04
DCI,516.8809814453,3.834233E-04
DCI,517.0811157227,3.819094E-04
DCI,517.2810668945,3.817617E-04
DCI,517.4811401367,3.830172E-04
DCI,517.6812133789,3.813925E-04
DCI,517.8811645508,3.748569E-04
DCI,518.0812377930,3.751153E-04
DCI,518.2813110352,3.743769E-04
DCI,518.4813232422,3.720506E-04
DCI,518.6813354492,3.736753E-04
DCI,518.8814086914,3.756692E-04
DCI,519.0813598633,3.760015E-04
DCI,519.2814331055,3.732322E-04
DCI,519.4815063477,3.715706E-04
DCI,519.6814575195,3.687643E-04
DCI,519.8815307617,3.717921E-04
DCI,520.0815429688,3.722352E-04
DCI,520.2815551758,3.715706E-04
DCI,520.4821166992,3.704629E-04
DCI,520.6816406250,3.672504E-04
DCI,520.8816528320,3.650719E-04
DCI,521.0817260742,3.654042E-04
DCI,521.2817382812,3.704629E-04
DCI,521.4817504883,3.722722E-04
DCI,521.6817626953,3.748199E-04
DCI,521.8820190430,3.750784E-04
DCI,522.0819091797,3.707952E-04
DCI,522.2854003906,3.690967E-04
DCI,522.4853515625,3.681366E-04
DCI,522.6853637695,3.713490E-04
DCI,522.8854370117,3.736753E-04
DCI,523.0854492188,3.765923E-04
DCI,523.2854614258,3.748199E-04
DCI,523.4862060547,3.713860E-04
DCI,523.6861572266,3.699828E-04
DCI,523.8861694336,3.706106E-04
DCI,524.0862426758,3.645550E-04
DCI,524.2861938477,3.682474E-04
DCI,524.4862670898,3.680997E-04
DCI,524.6863403320,3.680628E-04
DCI,524.8862915039,3.703521E-04
DCI,525.0863647461,3.692444E-04
DCI,525.2864379883,3.667335E-04
DCI,525.4863891602,3.696136E-04
DCI,525.6864624023,3.699828E-04
DCI,525.8865356445,3.719768E-04
DCI,526.0864868164,3.738599E-04
DCI,526.2864990234,3.770354E-04
DCI,526.4865722656,3.768139E-04
DCI,526.6866455078,3.713860E-04
DCI,526.8865966797,3.694659E-04
DCI,527.0866699219,3.693551E-04
DCI,527.2866821289,3.672135E-04
DCI,527.4867553711,3.689490E-04
DCI,527.6868286133,3.725306E-04
DCI,527.8868408203,3.686536E-04
DCI,528.0868530273,3.671027E-04
DCI,528.2868652344,3.695767E-04
DCI,528.4869384766,3.743030E-04
DCI,528.6899414062,3.726783E-04
DCI,528.8898315430,3.734537E-04
DCI,529.0899047852,3.728999E-04
DCI,529.2899780273,3.707952E-04
DCI,529.4902954102,3.711275E-04
DCI,529.6900024414,3.708690E-04
DCI,529.8900756836,3.715706E-04
DCI,530.0900878906,3.747092E-04
DCI,530.2900390625,3.745984E-04
DCI,530.4901733398,3.712752E-04
DCI,530.6901245117,3.728999E-04
DCI,530.8901367188,3.707583E-04
DCI,531.0902099609,3.688013E-04
DCI,531.2902221680,3.713490E-04
DCI,531.4902343750,3.745984E-04
DCI,531.6903076172,3.713121E-04
DCI,531.8903198242,3.701305E-04
DCI,532.0903320312,3.689120E-04
DCI,532.2904663086,3.690967E-04
DCI,532.4904174805,3.683212E-04
DCI,532.6904296875,3.658842E-04
DCI,532.8905029297,3.695398E-04
DCI,533.0905151367,3.720506E-04
DCI,533.2905273438,3.711275E-04
DCI,533.4905395508,3.707213E-04
DCI,533.6906127930,3.712014E-04
DCI,533.8934326172,3.703521E-04
DCI,534.0933837891,3.707952E-04
DCI,534.2933959961,3.751153E-04
DCI,534.4935302734,3.759646E-04
DCI,534.6934814453,3.735276E-04
DCI,534.8934936523,3.748938E-04
DCI,535.0936279297,3.756323E-04
DCI,535.2935791016,3.734907E-04
DCI,535.4935913086,3.703521E-04
DCI,535.6936035156,3.667704E-04
DCI,535.8936157227,3.679151E-04
DCI,536.0936889648,3.682474E-04
DCI,536.2937011719,3.675458E-04
DCI,536.4939575195,3.662166E-04
DCI,536.6939697266,3.673243E-04
DCI,536.8941040039,3.703152E-04
DCI,537.0941162109,3.737491E-04
DCI,537.2940673828,3.724199E-04
DCI,537.4941406250,3.722722E-04
DCI,537.6941528320,3.755954E-04
DCI,537.8941650391,3.739338E-04
DCI,538.0942993164,3.694290E-04
DCI,538.2942504883,3.708321E-04
DCI,538.4942626953,3.695398E-04
DCI,538.6943359375,3.723829E-04
DCI,538.8943481445,3.711644E-04
DCI,539.0943603516,3.716075E-04
DCI,539.2943725586,3.707213E-04
DCI,539.4943847656,3.752630E-04
DCI,539.6944580078,3.728630E-04
DCI,539.8944702148,3.721614E-04
DCI,540.0945434570,3.708321E-04
DCI,540.2946166992,3.688382E-04
DCI,540.4945678711,3.717183E-04
DCI,540.6945800781,3.720875E-04
DCI,540.8953857422,3.732322E-04
DCI,541.0952148438,3.718660E-04
DCI,541.2952880859,3.664012E-04
DCI,541.4954223633,3.680628E-04
DCI,541.6953735352,3.704629E-04
DCI,541.8954467773,3.734907E-04
DCI,542.0953979492,3.723091E-04
DCI,542.2954711914,3.746353E-04
DCI,542.4955444336,3.741184E-04
DCI,542.6958618164,3.739338E-04
DCI,542.8956909180,3.699828E-04
DCI,543.0956420898,3.675828E-04
DCI,543.2957153320,3.672504E-04
DCI,543.4957275391,3.678412E-04
DCI,543.6957397461,3.711644E-04
DCI,543.8958129883,3.720875E-04
DCI,544.0958251953,3.711644E-04
DCI,544.2958984375,3.705736E-04
DCI,544.4959106445,3.722722E-04
DCI,544.6959228516,3.727522E-04
DCI,544.8959960938,3.737861E-04
DCI,545.0960693359,3.720875E-04
DCI,545.2960815430,3.724199E-04
DCI,545.4960937500,3.707213E-04
DCI,545.6961669922,3.713121E-04
DCI,545.8961181641,3.717183E-04
DCI,546.0991821289,3.729368E-04
DCI,546.2991333008,3.687643E-04
DCI,546.4992065430,3.685428E-04
DCI,546.6992797852,3.706844E-04
DCI,546.8991699219,3.681736E-04
DCI,547.0992431641,3.693182E-04
DCI,547.2993774414,3.722352E-04
DCI,547.4993286133,3.740445E-04
DCI,547.6994018555,3.747830E-04
DCI,547.8995361328,3.745615E-04
DCI,548.0994262695,3.733430E-04
DCI,548.2994384766,3.746722E-04
DCI,548.4995117188,3.738599E-04
DCI,548.6995239258,3.744507E-04
DCI,548.8995971680,3.730476E-04
DCI,549.0996704102,3.689490E-04
DCI,549.2996215820,3.699459E-04
DCI,549.4996337891,3.717552E-04
DCI,549.6997070312,3.724199E-04
DCI,549.8997802734,3.720137E-04
DCI,550.0997924805,3.696136E-04
DCI,550.2998657227,3.665120E-04
DCI,550.4998168945,3.680259E-04
DCI,550.6998901367,3.694290E-04
DCI,550.9002075195,3.697244E-04
DCI,551.0999755859,3.693551E-04
DCI,551.3030395508,3.702782E-04
DCI,551.5031738281,3.736753E-04
DCI,551.7031250000,3.747092E-04
DCI,551.9032592773,3.754477E-04
DCI,552.1032104492,3.719029E-04
DCI,552.3031616211,3.693921E-04
DCI,552.5032958984,3.703521E-04
DCI,552.7033691406,3.713860E-04
DCI,552.9033203125,3.681736E-04
DCI,553.1033935547,3.679151E-04
DCI,553.3033447266,3.679151E-04
DCI,553.5034179688,3.692074E-04
DCI,553.7034912109,3.726783E-04
DCI,553.9035034180,3.731953E-04
DCI,554.1035156250,3.714598E-04
DCI,554.3035888672,3.748938E-04
DCI,554.5035400391,3.760384E-04
DCI,554.7036132812,3.704259E-04
DCI,554.9036865234,3.639642E-04
DCI,555.1036376953,3.658104E-04
DCI,555.3036499023,3.672874E-04
DCI,555.5037841797,3.679151E-04
DCI,555.7037353516,3.700936E-04
DCI,555.9037475586,3.720875E-04
DCI,556.1038208008,3.713121E-04
DCI,556.3038940430,3.689859E-04
DCI,556.5038452148,3.688013E-04
DCI,556.7038574219,3.743030E-04
DCI,556.9039306641,3.781801E-04
DCI,557.1039428711,3.728999E-04
DCI,557.3040161133,3.762600E-04
DCI,557.5040283203,3.754477E-04
DCI,557.7040405273,3.747461E-04
DCI,557.9040527344,3.756692E-04
DCI,558.1041259766,3.726783E-04
DCI,558.3056640625,3.654042E-04
DCI,558.5056762695,3.688013E-04
DCI,558.7059326172,3.716444E-04
DCI,558.9057617188,3.705367E-04
DCI,559.1057739258,3.733799E-04
DCI,559.3057861328,3.731583E-04
DCI,559.5058593750,3.710167E-04
DCI,559.7059326172,3.748199E-04
DCI,559.9059448242,3.767400E-04
DCI,560.1059570312,3.782170E-04
DCI,560.3059692383,3.772200E-04
DCI,560.5059204102,3.733430E-04
DCI,560.7061157227,3.735276E-04
DCI,560.9064941406,3.716075E-04
DCI,561.1060180664,3.722722E-04
DCI,561.3061523438,3.708690E-04
DCI,561.5061035156,3.709798E-04
DCI,561.7061157227,3.733060E-04
DCI,561.9062500000,3.712014E-04
DCI,562.1062011719,3.666597E-04
DCI,562.3062133789,3.642965E-04
DCI,562.5062866211,3.665858E-04
DCI,562.7062988281,3.671027E-04
DCI,562.9063720703,3.655888E-04
DCI,563.1064453125,3.667704E-04
DCI,563.3065185547,3.679520E-04
DCI,563.5064697266,3.730845E-04
DCI,563.7065429688,3.792509E-04
DCI,563.9065551758,3.760754E-04
DCI,564.1065673828,3.693551E-04
DCI,564.3066406250,3.682474E-04
DCI,564.5066528320,3.699090E-04
DCI,564.7082519531,3.727891E-04
DCI,564.9082031250,3.719768E-04
DCI,565.1082153320,3.704259E-04
DCI,565.3082885742,3.732691E-04
DCI,565.5083618164,3.746722E-04
DCI,565.7083740234,3.744876E-04
DCI,565.9087524414,3.725676E-04
DCI,566.1084594727,3.688751E-04
DCI,566.3084716797,3.664381E-04
DCI,566.5085449219,3.676935E-04
DCI,566.7085571289,3.684320E-04
DCI,566.9085693359,3.681366E-04
DCI,567.1086425781,3.712383E-04
DCI,567.3086547852,3.706475E-04
DCI,567.5086059570,3.709429E-04
DCI,567.7087402344,3.744507E-04
DCI,567.9087524414,3.735276E-04
DCI,568.1087646484,3.685428E-04
DCI,568.3088378906,3.731953E-04
DCI,568.5088500977,3.750415E-04
DCI,568.7088623047,3.712014E-04
DCI,568.9089965820,3.724937E-04
DCI,569.1089477539,3.735276E-04
DCI,569.3167724609,3.758538E-04
DCI,569.5090332031,3.761861E-04
DCI,569.7090454102,3.734537E-04
DCI,569.9090576172,3.721983E-04
DCI,570.1091918945,3.775154E-04
DCI,570.3091430664,4.081627E-04
DCI,570.5090942383,4.585645E-04
DCI,570.7091674805,4.677956E-04
DCI,570.9091796875,4.364837E-04
DCI,571.1092529297,3.951284E-04
DCI,571.3092651367,3.622287E-04
DCI,571.5093383789,3.349047E-04
DCI,571.7093505859,3.133039E-04
DCI,571.9222412109,3.004542E-04
DCI,572.1223144531,2.941032E-04
DCI,572.3224487305,2.888230E-04
DCI,572.5223388672,2.784472E-04
DCI,572.7224121094,2.747917E-04
DCI,572.9225463867,2.739055E-04
